date,symbol,nav,ltp,discount_pct,volume,years_to_maturity,days_to_maturity,valuation_bucket,liquidity_bucket,decision_flag,ignore_reasons,composite_score,priority_rank,discount_trend,risk_flag,nav_return_1m
2026-10-07,SFEF,11.43,8.88,-22.31,11800,5.35,1954,deep_discount,medium,IGNORE,maturity:5.3y,65.0,,widening,,-4.1
2026-10-07,LVF2,11.41,9.0,-21.12,300,6.91,2523,deep_discount,low,IGNORE,liquidity:low; maturity:6.9y,51.22,,widening,,-1.93
2026-10-07,LUK,11.66,9.3,-20.24,200,3.85,1407,deep_discount,low,IGNORE,liquidity:low,61.47,,stable,,-1.17
2026-10-07,SFMF,11.3,9.05,-19.91,0,3.08,1124,deep_discount,low,IGNORE,liquidity:low,56.6,,widening,,-2.04
2026-10-07,SBCF,11.34,9.35,-17.55,10200,4.47,1631,deep_discount,medium,IGNORE,maturity:4.5y,71.79,,narrowing,high_vol,-1.94
2026-10-07,NSIF2,11.69,10.07,-13.86,5100,5.91,2156,deep_discount,medium,IGNORE,maturity:5.9y,74.1,,narrowing,,0.26
2026-10-07,NMBHF2,10.42,8.98,-13.82,14475,8.4,3065,deep_discount,high,IGNORE,maturity:8.4y,66.41,,narrowing,,-0.57
2026-10-07,NBF3,10.32,8.93,-13.47,30200,4.96,1812,deep_discount,high,IGNORE,maturity:5.0y,62.69,,widening,,1.18
2026-10-07,SAGF,10.58,9.22,-12.85,800,7.15,2608,deep_discount,medium,IGNORE,maturity:7.2y,48.85,,widening,,0.38
2026-10-07,MMF1,9.5,8.33,-12.32,131000,4.92,1797,deep_discount,high,IGNORE,maturity:4.9y,56.03,,widening,high_vol,-0.63
2026-10-07,NIBLGF,9.84,8.68,-11.79,100,6.28,2294,deep_discount,low,IGNORE,liquidity:low; maturity:6.3y,43.72,,widening,high_vol,-0.2
2026-10-07,NICGF2,9.87,8.73,-11.55,800,4.12,1505,deep_discount,medium,IGNORE,maturity:4.1y,52.31,,stable,high_vol,-2.18
2026-10-07,GIBF1,11.74,10.4,-11.41,2900,5.81,2121,deep_discount,medium,IGNORE,maturity:5.8y,64.17,,narrowing,,0.17
2026-10-07,RSY,10.4,9.25,-11.06,2350,8.57,3129,deep_discount,medium,IGNORE,maturity:8.6y,36.03,,widening,,-8.21
2026-10-07,NIBSF2,9.72,8.66,-10.91,12099,4.64,1695,deep_discount,medium,IGNORE,maturity:4.6y,49.87,,widening,high_vol,-1.32
2026-10-07,NBF2,10.47,9.38,-10.41,200,2.65,967,deep_discount,low,IGNORE,liquidity:low,63.91,,narrowing,,0.48
2026-10-07,KSY,9.92,8.9,-10.28,300,7.45,2720,deep_discount,low,IGNORE,liquidity:low; maturity:7.5y,32.12,,widening,,-3.88
2026-10-07,GBIMESY2,10.0,9.0,-10.0,1600,8.78,3206,deep_discount,medium,IGNORE,maturity:8.8y,40.64,,stable,,-0.7
2026-10-07,NIBLSTF,9.44,8.5,-9.96,163920,9.34,3410,deep_discount,high,IGNORE,maturity:9.3y,48.59,,narrowing,high_vol,-0.94
2026-10-07,GSY,10.14,9.14,-9.86,2100,8.24,3009,deep_discount,medium,IGNORE,maturity:8.2y,48.33,,narrowing,,-0.69
2026-10-07,MBLEF,10.14,9.16,-9.66,1450,10.48,3824,deep_discount,medium,IGNORE,maturity:10.5y,35.26,,stable,,-7.23
2026-10-07,RMF2,10.81,9.79,-9.44,0,6.62,2418,deep_discount,low,IGNORE,liquidity:low; maturity:6.6y,50.32,,narrowing,,-0.92
2026-10-07,KDBY,11.05,10.01,-9.41,40150,5.8,2118,deep_discount,high,IGNORE,maturity:5.8y,44.49,,stable,,-8.07
2026-10-07,PSF,12.0,10.9,-9.17,700,1.71,623,deep_discount,low,IGNORE,liquidity:low,43.97,,stable,,-8.33
2026-10-07,C30MF,10.45,9.5,-9.09,6000,6.61,2411,deep_discount,medium,IGNORE,maturity:6.6y,54.49,,narrowing,,-1.42
2026-10-07,H8020,12.53,11.4,-9.02,126271,6.99,2551,deep_discount,high,IGNORE,maturity:7.0y,56.15,,narrowing,,-0.08
2026-10-07,MNMF1,10.11,9.2,-9.0,6100,8.21,2995,deep_discount,medium,IGNORE,maturity:8.2y,40.9,,narrowing,,-3.07
2026-10-07,KEF,10.21,9.4,-7.93,2200,4.45,1623,moderate_discount,medium,IGNORE,maturity:4.5y,33.21,,widening,,-9.08
2026-10-07,PRSF,13.01,11.98,-7.92,176900,5.44,1985,moderate_discount,high,IGNORE,maturity:5.4y,47.95,,narrowing,,-6.6
2026-10-07,RBBF40,9.99,9.28,-7.11,4390,11.11,4054,moderate_discount,medium,IGNORE,maturity:11.1y,35.64,,narrowing,high_vol,-0.79
2026-10-07,SIGS3,10.72,10.21,-4.76,500,6.57,2397,moderate_discount,low,IGNORE,liquidity:low; maturity:6.6y,29.1,,stable,,-7.19
2026-10-07,HLICF,8.57,8.25,-3.73,2900,8.95,3265,small_discount,medium,IGNORE,valuation:small_discount; maturity:8.9y,22.24,,widening,high_vol,-1.38
2026-10-07,NICFC,9.94,8.83,-11.17,1001,2.69,982,deep_discount,medium,CONSIDER,,48.85,5.0,widening,,-1.29
2026-10-07,NICSF,9.28,8.4,-9.48,183600,1.75,637,deep_discount,high,CONSIDER,,48.72,6.0,widening,high_vol,-2.11
2026-10-07,SEF,10.49,9.5,-9.44,5600,1.09,397,deep_discount,medium,CONSIDER,,54.49,2.0,widening,,1.06
2026-10-07,RMF1,10.22,9.3,-9.0,12600,1.79,655,deep_discount,high,CONSIDER,,58.33,1.0,narrowing,high_vol,-0.87
2026-10-07,SLCF,10.04,9.2,-8.37,800,1.38,504,deep_discount,medium,CONSIDER,,51.15,4.0,narrowing,,-0.99
2026-10-07,NICBF,10.01,9.26,-7.49,14100,2.89,1055,moderate_discount,high,CONSIDER,,52.31,3.0,narrowing,,-0.99
2026-10-07,SIGS2,10.31,9.57,-7.18,4000,2.89,1054,moderate_discount,medium,CONSIDER,,43.59,7.0,stable,,-5.84
