checked_at,symbol,has_price_data,has_nav_data,latest_nav_date,nav_age_days,nav_stale,price_outlier,max_daily_move_pct,volume_anomaly,volume_drop_pct,ohlc_errors,has_issues
2026-10-07 17:26,C30MF,True,True,2026-09-15,22,False,False,5.44,False,78.7,1.0,False
2026-10-07 17:26,CMF2,,,2026-06-15,114,True,False,3.65,True,100.0,3.0,True
2026-10-07 17:26,CSY,False,True,2026-09-15,22,False,,,,,,False
2026-10-07 17:26,GBIMESY2,True,True,2026-09-15,22,False,False,7.59,True,90.6,1.0,True
2026-10-07 17:26,GIBF1,True,True,2026-09-15,22,False,False,14.53,True,94.0,1.0,True
2026-10-07 17:26,GSY,True,True,2026-09-15,22,False,False,6.6,True,90.8,0.0,True
2026-10-07 17:26,H8020,True,True,2026-09-15,22,False,False,12.14,False,-83.3,0.0,False
2026-10-07 17:26,HLICF,True,True,2026-09-15,22,False,False,5.18,True,97.3,1.0,True
2026-10-07 17:26,KDBY,True,True,2026-09-15,22,False,False,11.37,False,63.5,1.0,False
2026-10-07 17:26,KEF,True,True,2026-09-15,22,False,False,9.0,True,96.7,1.0,True
2026-10-07 17:26,KSY,True,True,2026-09-16,21,False,False,7.56,True,96.9,3.0,True
2026-10-07 17:26,LSH12,False,True,2026-09-15,22,False,,,,,,False
2026-10-07 17:26,LUK,True,True,2025-05-29,496,True,False,8.16,True,96.9,1.0,True
2026-10-07 17:26,LVF2,True,True,2025-05-29,496,True,False,8.0,True,95.7,1.0,True
2026-10-07 17:26,MBLEF,True,True,2026-09-15,22,False,False,10.62,True,97.4,2.0,True
2026-10-07 17:26,MMF1,True,True,2026-09-15,22,False,False,6.19,False,-286.0,0.0,False
2026-10-07 17:26,MNMF1,True,True,2026-09-15,22,False,False,5.24,True,83.2,0.0,True
2026-10-07 17:26,NBF2,True,True,2026-02-12,237,True,False,4.36,True,98.7,1.0,True
2026-10-07 17:26,NBF3,True,True,2026-02-12,237,True,False,4.72,False,2.2,0.0,True
2026-10-07 17:26,NIBLGF,True,True,2026-09-15,22,False,False,14.96,True,99.7,1.0,True
2026-10-07 17:26,NIBLSTF,True,True,2026-09-15,22,False,False,7.72,False,-534.9,1.0,False
2026-10-07 17:26,NIBSF2,True,True,2026-09-15,22,False,False,6.53,False,70.8,1.0,False
2026-10-07 17:26,NICBF,True,True,2026-09-16,21,False,False,6.74,False,-124.8,1.0,False
2026-10-07 17:26,NICFC,True,True,2026-09-16,21,False,False,4.69,True,85.1,1.0,True
2026-10-07 17:26,NICGF2,True,True,2026-09-16,21,False,False,5.67,True,92.4,1.0,True
2026-10-07 17:26,NICSF,True,True,2026-09-15,22,False,False,6.63,False,-394.6,1.0,False
2026-10-07 17:26,NMB50,,,2026-08-16,52,True,False,4.91,False,34.4,3.0,True
2026-10-07 17:26,NMBHF2,True,True,2026-08-16,52,True,False,7.77,True,86.4,0.0,True
2026-10-07 17:26,NSIF2,True,True,2026-08-16,52,True,False,8.27,True,88.9,1.0,True
2026-10-07 17:26,NSY,False,True,2026-09-15,22,False,,,,,,False
2026-10-07 17:26,PRSF,True,True,2026-09-16,21,False,False,9.3,False,1.7,0.0,False
2026-10-07 17:26,PSF,True,True,2026-09-16,21,False,False,10.22,True,98.8,0.0,True
2026-10-07 17:26,RBBF40,True,True,2026-09-15,22,False,False,13.85,True,91.0,0.0,True
2026-10-07 17:26,RMF1,True,True,2026-09-15,22,False,False,5.32,False,67.2,0.0,False
2026-10-07 17:26,RMF2,True,True,2026-09-15,22,False,False,4.67,True,100.0,1.0,True
2026-10-07 17:26,RSY,True,True,2026-09-15,22,False,False,5.79,True,94.8,0.0,True
2026-10-07 17:26,RSY2,False,True,2026-09-15,22,False,,,,,,False
2026-10-07 17:26,SAEF2,False,True,2026-09-15,22,False,,,,,,False
2026-10-07 17:26,SAGF,True,True,2026-08-16,52,True,False,3.92,True,90.2,1.0,True
2026-10-07 17:26,SBCF,True,True,2025-05-29,496,True,False,7.86,False,73.9,1.0,True
2026-10-07 17:26,SEF,True,True,2026-09-15,22,False,False,7.14,True,85.3,2.0,True
2026-10-07 17:26,SEF2,False,True,2026-09-15,22,False,,,,,,False
2026-10-07 17:26,SFEF,True,True,2025-05-29,496,True,False,5.11,False,70.4,1.0,True
2026-10-07 17:26,SFMF,True,True,2025-05-29,496,True,False,4.48,True,100.0,2.0,True
2026-10-07 17:26,SIGS2,True,True,2026-09-15,22,False,False,8.91,False,57.9,1.0,False
2026-10-07 17:26,SIGS3,True,True,2026-09-15,22,False,False,9.83,True,98.8,0.0,True
2026-10-07 17:26,SLCF,True,True,2026-09-15,22,False,False,7.22,True,94.6,1.0,True
