date,symbol,parkinson_vol,parkinson_vol_ann,intraday_range,avg_intraday_range,return_vol_5d,return_vol_22d,volume_cv,max_drawdown,sharpe_1m
2026-10-02,C30MF,1.1237,17.84,0.0,1.4168,3.0824,2.1087,2.9629,-10.49,-0.23
2026-10-02,CMF2,1.1427,18.14,,,0.0,0.9861,1.6894,-7.45,-0.36
2026-10-02,GBIMESY2,1.9777,31.4,2.265,2.7427,1.3607,1.5471,9.4325,-12.32,-0.25
2026-10-02,GIBF1,1.6544,26.26,1.8738,2.3273,7.3994,3.8946,3.2038,-15.47,-0.24
2026-10-02,GSY,1.817,28.84,1.8743,2.4414,1.5015,1.5361,2.805,-14.82,-0.37
2026-10-02,H8020,1.9128,30.36,0.5405,2.6681,0.7676,3.2638,4.8564,-13.15,-0.18
2026-10-02,HLICF,2.2376,35.52,2.8235,3.2368,1.8078,1.9275,5.7297,-17.15,-0.82
2026-10-02,KDBY,2.0001,31.75,2.8971,2.8318,1.0744,1.0114,1.9421,-22.25,-0.01
2026-10-02,KEF,1.8622,29.56,1.0811,2.6888,2.0506,1.7715,3.2477,-18.46,-0.07
2026-10-02,KSY,1.6894,26.82,4.3716,2.215,1.9888,2.3166,5.9587,-12.76,-0.13
2026-10-02,LUK,1.6557,26.28,5.6526,2.0545,2.3848,2.534,1.5318,-15.63,-0.01
2026-10-02,LVF2,1.5539,24.67,0.0,2.0264,0.3097,1.2758,2.0238,-13.4,-0.26
2026-10-02,MBLEF,1.7201,27.31,1.0989,2.423,1.0967,2.8323,2.5818,-20.49,-0.76
2026-10-02,MMF1,3.0775,48.85,2.9445,4.6912,2.7067,1.9583,2.0683,-14.74,-0.12
2026-10-02,MNMF1,1.8474,29.33,3.1868,2.7375,1.8488,1.1991,1.7637,-12.25,-0.29
2026-10-02,NBF2,1.4066,22.33,2.8889,1.8596,2.1035,1.8861,3.092,-15.81,-0.63
2026-10-02,NBF3,1.8789,29.83,2.4176,2.7201,1.0194,2.0773,1.0298,-11.33,-0.48
2026-10-02,NIBLGF,3.1067,49.32,6.1135,3.6256,1.9056,1.9241,2.9416,-24.38,-0.15
2026-10-02,NIBLSTF,2.7927,44.33,2.0408,3.8977,1.6462,1.3818,2.1083,-17.22,-0.57
2026-10-02,NIBSF2,2.2766,36.14,5.1044,2.8838,1.1156,1.1189,7.1835,-18.08,-0.47
2026-10-02,NICBF,1.9455,30.88,0.0,1.6462,1.2675,1.9382,2.4217,-19.72,-0.11
2026-10-02,NICFC,1.7617,27.97,2.1324,2.5233,1.8442,1.5253,1.4859,-12.33,-0.26
2026-10-02,NICGF2,2.0187,32.05,0.6711,2.7903,2.2199,1.8365,2.1204,-14.87,-0.22
2026-10-02,NICSF,2.0306,32.24,5.1683,2.9689,3.2841,2.3462,6.8887,-16.16,-0.42
2026-10-02,NMB50,1.118,17.75,,,1.4394,1.4509,2.5809,-12.48,-0.48
2026-10-02,NMBHF2,1.8789,29.83,3.3708,2.7581,1.2455,2.7372,7.6369,-16.39,-0.32
2026-10-02,NSIF2,1.3929,22.11,1.0101,1.9528,1.66,1.37,2.0112,-12.5,-0.57
2026-10-02,PRSF,1.5622,24.8,1.9737,2.1397,0.6309,2.3233,2.468,-12.1,0.49
2026-10-02,PSF,1.7753,28.18,0.9158,2.5134,0.4483,2.5865,2.3565,-13.72,-0.17
2026-10-02,RBBF40,2.3413,37.17,3.2584,3.2957,0.778,1.5253,5.9634,-14.58,-0.27
2026-10-02,RMF1,2.3074,36.63,1.4444,3.1362,1.6996,2.1076,2.6787,-11.87,-0.38
2026-10-02,RMF2,1.2282,19.5,2.529,1.4848,3.2382,2.4024,3.2983,-12.48,-0.36
2026-10-02,RSY,1.7566,27.89,0.5447,2.5756,1.4494,1.8679,2.0174,-14.21,-0.72
2026-10-02,SAGF,1.4533,23.07,3.4958,1.8782,2.6982,1.7828,2.2929,-11.73,-0.32
2026-10-02,SBCF,2.0505,32.55,2.9348,2.8221,2.0441,2.4841,6.2386,-14.33,-0.17
2026-10-02,SEF,1.9109,30.33,0.4167,2.3063,1.1902,1.469,1.8772,-12.3,-0.15
2026-10-02,SFEF,1.1093,17.61,1.4365,1.3409,1.3921,1.8024,2.34,-15.94,-0.7
2026-10-02,SFMF,0.9326,14.8,2.2703,0.8754,1.3601,1.3458,1.8704,-18.62,-0.86
2026-10-02,SIGS2,1.1222,17.81,0.0,1.1647,1.1501,1.7983,2.1319,-17.37,-0.18
2026-10-02,SIGS3,1.4867,23.6,0.0,1.9199,0.9937,2.4869,4.2378,-14.35,-0.02
2026-10-02,SLCF,1.7957,28.51,2.0833,2.3943,1.8795,1.5765,2.4022,-15.45,-0.42
