date,symbol,nav,ltp,discount_pct,volume,trades,source
2026-08-31,SBCF,11.34,8.73,-23.02,9556,7,nepse_playwright
2026-08-31,MBLEF,10.93,8.5,-22.23,73543,27,nepse_playwright
2026-09-28,SFEF,11.43,8.91,-22.05,110650,9,nepse_playwright
2026-09-30,SFEF,11.43,8.92,-21.96,24945,10,nepse_playwright
2026-08-31,LUK,11.66,9.12,-21.78,29400,11,nepse_playwright
2026-09-24,SBCF,11.34,8.92,-21.34,35400,15,nepse_playwright
2026-09-22,SFEF,11.43,9.0,-21.26,702900,59,nepse_playwright
2026-10-01,SFEF,11.43,9.0,-21.26,10100,3,nepse_playwright
2026-10-06,SFEF,11.43,9.0,-21.26,100200,5,nepse_playwright
2026-09-23,SBCF,11.34,9.0,-20.63,12200,11,nepse_playwright
