date,symbol,ltp,price_return_1d,price_return_1w,price_return_1m,discount_change_1d,discount_change_1w,nav_return_1m
2026-02-09,C30MF,9.65,,,,,,1.24
2026-02-10,C30MF,9.83,1.87,,,1.72,,1.24
2026-02-11,C30MF,9.82,-0.1,,,-0.1,,1.24
2026-02-12,C30MF,9.71,-1.12,,,-1.05,,1.24
2026-02-16,C30MF,9.68,-0.31,,,-1.42,,1.24
2026-02-17,C30MF,9.57,-1.14,-0.83,,-1.04,-1.89,1.24
2026-02-22,C30MF,9.61,0.42,-2.24,,0.38,-3.23,1.24
2026-02-23,C30MF,9.8,1.98,-0.2,,1.79,-1.34,1.24
2026-02-24,C30MF,9.7,-1.02,-0.1,,-0.94,-1.23,1.24
2026-02-25,C30MF,9.53,-1.75,-1.55,,-1.6,-1.41,1.24
2026-02-26,C30MF,9.63,1.05,0.63,,0.94,0.57,1.24
2026-03-01,C30MF,9.82,1.97,2.19,,1.79,1.98,1.24
2026-03-03,C30MF,9.82,0.0,0.2,,0.0,0.19,1.24
2026-03-09,C30MF,9.82,0.0,1.24,,0.0,1.13,1.24
2026-03-10,C30MF,9.93,1.12,4.2,,1.04,3.77,1.24
2026-03-11,C30MF,10.16,2.32,5.5,,2.17,5.0,1.24
2026-03-12,C30MF,10.2,0.39,3.87,,0.38,3.59,1.24
2026-03-15,C30MF,10.15,-0.49,3.36,,-0.48,3.11,1.24
2026-03-16,C30MF,10.05,-0.99,2.34,,-0.94,2.17,1.24
2026-03-17,C30MF,10.13,0.8,2.01,,0.76,1.89,1.24
2026-02-09,CMF2,10.1,,,,,,2.39
2026-02-10,CMF2,10.01,-0.89,,,-0.9,,2.39
2026-02-11,CMF2,9.83,-1.8,,,-1.79,,2.39
2026-02-12,CMF2,9.83,0.0,,,0.0,,2.39
2026-02-16,CMF2,9.86,0.31,,,-2.0,,2.39
2026-02-17,CMF2,10.2,3.45,0.99,,3.31,-1.38,2.39
2026-02-22,CMF2,10.2,0.0,1.9,,0.0,-0.48,2.39
2026-02-23,CMF2,9.87,-3.24,0.41,,-3.21,-1.9,2.39
2026-02-24,CMF2,9.86,-0.1,0.31,,-0.1,-2.0,2.39
2026-02-25,CMF2,10.18,3.25,3.25,,3.12,3.12,2.39
2026-02-26,CMF2,10.24,0.59,0.39,,0.58,0.39,2.39
2026-03-01,CMF2,10.23,-0.1,0.29,,-0.1,0.29,2.39
2026-03-03,CMF2,10.1,-1.27,2.33,,-1.26,2.24,2.39
2026-03-09,CMF2,10.1,0.0,2.43,,0.0,2.34,2.39
2026-03-10,CMF2,10.32,2.18,1.38,,2.14,1.36,2.39
2026-03-11,CMF2,10.45,1.26,2.05,,1.26,2.04,2.39
2026-03-12,CMF2,10.25,-1.91,0.2,,-1.94,0.2,2.39
2026-03-15,CMF2,10.4,1.46,2.97,,1.46,2.92,2.39
2026-03-16,CMF2,10.02,-3.65,-0.79,,-3.7,-0.78,2.39
2026-03-17,CMF2,10.22,2.0,-0.97,,1.95,-0.97,2.39
2026-02-09,GBIMESY2,9.08,,,,,,0.92
2026-02-10,GBIMESY2,9.12,0.44,,,0.41,,0.92
2026-02-11,GBIMESY2,9.48,3.95,,,3.67,,0.92
2026-02-12,GBIMESY2,9.53,0.53,,,0.51,,0.92
2026-02-16,GBIMESY2,9.34,-1.99,,,-2.8,,0.92
2026-02-17,GBIMESY2,9.3,-0.43,2.42,,-0.41,1.38,0.92
2026-02-22,GBIMESY2,9.15,-1.61,0.33,,-1.51,-0.54,0.92
2026-02-23,GBIMESY2,9.33,1.97,-1.58,,1.82,-2.39,0.92
2026-02-24,GBIMESY2,9.17,-1.71,-3.78,,-1.62,-4.52,0.92
2026-02-25,GBIMESY2,9.35,1.96,0.11,,1.82,0.1,0.92
2026-02-26,GBIMESY2,9.32,-0.32,0.22,,-0.3,0.21,0.92
2026-03-01,GBIMESY2,9.14,-1.93,-0.11,,-1.82,-0.1,0.92
2026-03-03,GBIMESY2,9.2,0.66,-1.39,,0.61,-1.31,0.92
2026-03-09,GBIMESY2,9.2,0.0,0.33,,0.0,0.31,0.92
2026-03-10,GBIMESY2,9.37,1.85,0.21,,1.71,0.2,0.92
2026-03-11,GBIMESY2,9.52,1.6,2.15,,1.51,2.01,0.92
2026-03-12,GBIMESY2,9.36,-1.68,2.41,,-1.61,2.22,0.92
2026-03-15,GBIMESY2,9.51,1.6,3.37,,1.51,3.12,0.92
2026-03-16,GBIMESY2,9.7,2.0,5.43,,1.92,5.04,0.92
2026-03-17,GBIMESY2,9.35,-3.61,-0.21,,-3.53,-0.2,0.92
2026-02-09,GIBF1,10.6,,,,,,0.86
2026-02-10,GIBF1,10.64,0.38,,,0.35,,0.86
2026-02-11,GIBF1,10.79,1.41,,,1.28,,0.86
2026-02-12,GIBF1,10.81,0.19,,,0.17,,0.86
2026-02-16,GIBF1,10.77,-0.37,,,-1.12,,0.86
2026-02-17,GIBF1,10.7,-0.65,0.94,,-0.6,0.08,0.86
2026-02-22,GIBF1,10.65,-0.47,0.09,,-0.42,-0.69,0.86
2026-02-23,GIBF1,10.65,0.0,-1.3,,0.0,-1.97,0.86
2026-02-24,GIBF1,10.66,0.09,-1.39,,0.08,-2.06,0.86
2026-02-25,GIBF1,10.65,-0.09,-1.11,,-0.08,-1.02,0.86
2026-02-26,GIBF1,10.62,-0.28,-0.75,,-0.26,-0.68,0.86
2026-03-01,GIBF1,10.63,0.09,-0.19,,0.09,-0.17,0.86
2026-03-03,GIBF1,10.82,1.79,1.6,,1.61,1.44,0.86
2026-03-09,GIBF1,10.82,0.0,1.5,,0.0,1.36,0.86
2026-03-10,GIBF1,10.71,-1.02,0.56,,-0.93,0.51,0.86
2026-03-11,GIBF1,10.77,0.56,1.41,,0.51,1.28,0.86
2026-03-12,GIBF1,11.0,2.14,3.48,,1.95,3.14,0.86
2026-03-15,GIBF1,10.9,-0.91,0.74,,-0.85,0.68,0.86
2026-03-16,GIBF1,10.9,0.0,0.74,,0.0,0.68,0.86
2026-03-17,GIBF1,11.1,1.83,3.64,,1.7,3.31,0.86
2026-02-09,GSY,9.42,,,,,,2.67
2026-02-10,GSY,9.5,0.85,,,0.79,,2.67
2026-02-11,GSY,9.5,0.0,,,0.0,,2.67
2026-02-12,GSY,9.65,1.58,,,1.48,,2.67
2026-02-16,GSY,9.6,-0.52,,,-2.97,,2.67
2026-02-17,GSY,9.7,1.04,2.97,,0.97,0.27,2.67
2026-02-22,GSY,9.43,-2.78,-0.74,,-2.6,-3.12,2.67
2026-02-23,GSY,9.4,-0.32,-1.05,,-0.29,-3.41,2.67
2026-02-24,GSY,9.41,0.11,-2.49,,0.09,-4.8,2.67
2026-02-25,GSY,9.47,0.64,-1.35,,0.58,-1.25,2.67
2026-02-26,GSY,9.51,0.42,-1.96,,0.39,-1.83,2.67
2026-03-01,GSY,9.48,-0.32,0.53,,-0.29,0.48,2.67
2026-03-03,GSY,9.6,1.27,2.13,,1.15,1.92,2.67
2026-03-09,GSY,9.6,0.0,2.02,,0.0,1.83,2.67
2026-03-10,GSY,9.79,1.98,3.38,,1.84,3.09,2.67
2026-03-11,GSY,9.65,-1.43,1.47,,-1.35,1.35,2.67
2026-03-12,GSY,9.85,2.07,3.9,,1.93,3.57,2.67
2026-03-15,GSY,9.95,1.02,3.65,,0.96,3.38,2.67
2026-03-16,GSY,9.8,-1.51,2.08,,-1.45,1.93,2.67
2026-03-17,GSY,9.9,1.02,1.12,,0.97,1.06,2.67
2026-02-09,H8020,11.5,,,,,,1.85
2026-02-10,H8020,11.7,1.74,,,1.68,,1.85
2026-02-11,H8020,11.65,-0.43,,,-0.42,,1.85
2026-02-12,H8020,11.42,-1.97,,,-1.93,,1.85
2026-02-16,H8020,11.45,0.26,,,-1.5,,1.85
2026-02-17,H8020,11.41,-0.35,-0.78,,-0.33,-2.5,1.85
2026-02-22,H8020,11.42,0.09,-2.39,,0.08,-4.1,1.85
2026-02-23,H8020,11.5,0.7,-1.29,,0.66,-3.02,1.85
2026-02-24,H8020,11.5,0.0,0.7,,0.0,-1.09,1.85
2026-02-25,H8020,11.73,2.0,2.45,,1.9,2.31,1.85
2026-02-26,H8020,11.52,-1.79,0.96,,-1.73,0.91,1.85
2026-03-01,H8020,11.62,0.87,1.75,,0.82,1.65,1.85
2026-03-03,H8020,11.95,2.84,3.91,,2.73,3.72,1.85
2026-03-09,H8020,11.95,0.0,3.91,,0.0,3.72,1.85
2026-03-10,H8020,11.8,-1.26,0.6,,-1.24,0.58,1.85
2026-03-11,H8020,11.81,0.08,2.52,,0.08,2.39,1.85
2026-03-12,H8020,11.81,0.0,1.64,,0.0,1.57,1.85
2026-03-15,H8020,11.81,0.0,-1.17,,0.0,-1.16,1.85
2026-03-16,H8020,11.62,-1.61,-2.76,,-1.57,-2.73,1.85
2026-03-17,H8020,11.55,-0.6,-2.12,,-0.57,-2.06,1.85
2026-02-09,HLICF,9.72,,,,,,-0.83
2026-02-10,HLICF,9.55,-1.75,,,-1.76,,-0.83
2026-02-11,HLICF,9.4,-1.57,,,-1.56,,-0.83
2026-02-12,HLICF,9.25,-1.6,,,-1.56,,-0.83
2026-02-16,HLICF,9.26,0.11,,,0.91,,-0.83
2026-02-17,HLICF,9.61,3.78,-1.13,,3.66,-0.31,-0.83
2026-02-22,HLICF,9.3,-3.23,-2.62,,-3.24,-1.79,-0.83
2026-02-23,HLICF,9.17,-1.4,-2.45,,-1.36,-1.59,-0.83
2026-02-24,HLICF,9.15,-0.22,-1.08,,-0.21,-0.24,-0.83
2026-02-25,HLICF,9.15,0.0,-1.19,,0.0,-1.15,-0.83
2026-02-26,HLICF,9.08,-0.77,-5.52,,-0.73,-5.54,-0.83
2026-03-01,HLICF,9.09,0.11,-2.26,,0.1,-2.2,-0.83
2026-03-03,HLICF,9.18,0.99,0.11,,0.95,0.11,-0.83
2026-03-09,HLICF,9.18,0.0,0.33,,0.0,0.32,-0.83
2026-03-10,HLICF,9.45,2.94,3.28,,2.82,3.14,-0.83
2026-03-11,HLICF,9.5,0.53,4.63,,0.52,4.39,-0.83
2026-03-12,HLICF,9.54,0.42,4.95,,0.42,4.71,-0.83
2026-03-15,HLICF,9.38,-1.68,2.18,,-1.67,2.09,-0.83
2026-03-16,HLICF,9.25,-1.39,0.76,,-1.36,0.73,-0.83
2026-03-17,HLICF,9.48,2.49,0.32,,2.4,0.31,-0.83
2026-02-09,KDBY,10.02,,,,,,-0.18
2026-02-10,KDBY,10.02,0.0,,,0.0,,-0.18
2026-02-11,KDBY,10.0,-0.2,,,-0.19,,-0.18
2026-02-12,KDBY,10.3,3.0,,,2.74,,-0.18
2026-02-16,KDBY,10.3,0.0,,,0.18,,-0.18
2026-02-17,KDBY,10.16,-1.36,1.4,,-1.28,1.45,-0.18
2026-02-22,KDBY,9.83,-3.25,-1.9,,-3.02,-1.57,-0.18
2026-02-23,KDBY,10.0,1.73,0.0,,1.55,0.17,-0.18
2026-02-24,KDBY,10.11,1.1,-1.84,,1.01,-1.56,-0.18
2026-02-25,KDBY,10.11,0.0,-1.84,,0.0,-1.74,-0.18
2026-02-26,KDBY,9.99,-1.19,-1.67,,-1.1,-1.56,-0.18
2026-03-01,KDBY,9.91,-0.8,0.81,,-0.73,0.73,-0.18
2026-03-03,KDBY,9.96,0.5,-0.4,,0.46,-0.36,-0.18
2026-03-09,KDBY,9.96,0.0,-1.48,,0.0,-1.37,-0.18
2026-03-10,KDBY,10.15,1.91,0.4,,1.73,0.36,-0.18
2026-03-11,KDBY,10.2,0.49,2.1,,0.46,1.92,-0.18
2026-03-12,KDBY,10.19,-0.1,2.83,,-0.09,2.56,-0.18
2026-03-15,KDBY,10.45,2.55,4.92,,2.38,4.48,-0.18
2026-03-16,KDBY,10.3,-1.44,3.41,,-1.37,3.11,-0.18
2026-03-17,KDBY,10.25,-0.49,0.99,,-0.46,0.92,-0.18
2026-02-09,KEF,9.34,,,,,,0.0
2026-02-10,KEF,9.58,2.57,,,2.38,,0.0
2026-02-11,KEF,9.3,-2.92,,,-2.78,,0.0
2026-02-12,KEF,9.38,0.86,,,0.8,,0.0
2026-02-16,KEF,9.56,1.92,,,1.78,,0.0
2026-02-17,KEF,9.56,0.0,2.36,,0.0,2.18,0.0
2026-02-22,KEF,9.4,-1.67,-1.88,,-1.59,-1.79,0.0
2026-02-23,KEF,9.21,-2.02,-0.97,,-1.88,-0.89,0.0
2026-02-24,KEF,9.3,0.98,-0.85,,0.89,-0.8,0.0
2026-02-25,KEF,9.26,-0.43,-3.14,,-0.39,-2.97,0.0
2026-02-26,KEF,9.3,0.43,-2.72,,0.39,-2.58,0.0
2026-03-01,KEF,9.18,-1.29,-2.34,,-1.19,-2.18,0.0
2026-03-03,KEF,9.36,1.96,1.63,,1.79,1.49,0.0
2026-03-09,KEF,9.36,0.0,0.65,,0.0,0.6,0.0
2026-03-10,KEF,9.53,1.82,2.92,,1.68,2.67,0.0
2026-03-11,KEF,9.55,0.21,2.69,,0.2,2.48,0.0
2026-03-12,KEF,9.6,0.52,4.58,,0.5,4.17,0.0
2026-03-15,KEF,9.57,-0.31,2.24,,-0.3,2.08,0.0
2026-03-16,KEF,9.6,0.31,2.56,,0.3,2.38,0.0
2026-03-17,KEF,9.6,0.0,0.73,,0.0,0.7,0.0
2026-02-09,KSY,9.34,,,,,,-0.19
2026-02-10,KSY,9.4,0.64,,,0.59,,-0.19
2026-02-11,KSY,9.58,1.91,,,1.75,,-0.19
2026-02-12,KSY,9.58,0.0,,,0.18,,-0.19
2026-02-16,KSY,9.39,-1.98,,,-1.85,,-0.19
2026-02-17,KSY,9.68,3.09,3.64,,2.83,3.5,-0.19
2026-02-22,KSY,9.43,-2.58,0.32,,-2.44,0.47,-0.19
2026-02-23,KSY,9.33,-1.06,-2.61,,-0.98,-2.26,-0.19
2026-02-24,KSY,9.7,3.97,1.25,,3.62,1.18,-0.19
2026-02-25,KSY,9.33,-3.81,-0.64,,-3.62,-0.59,-0.19
2026-02-26,KSY,9.32,-0.11,-3.72,,-0.09,-3.51,-0.19
2026-03-01,KSY,9.4,0.86,-0.32,,0.78,-0.29,-0.19
2026-03-03,KSY,9.58,1.91,2.68,,1.75,2.44,-0.19
2026-03-09,KSY,9.58,0.0,-1.24,,0.0,-1.18,-0.19
2026-03-10,KSY,9.46,-1.25,1.39,,-1.17,1.27,-0.19
2026-03-11,KSY,9.95,5.18,6.76,,4.79,6.15,-0.19
2026-03-12,KSY,9.58,-3.72,1.91,,-3.62,1.75,-0.19
2026-03-15,KSY,9.8,2.3,2.3,,2.15,2.15,-0.19
2026-03-16,KSY,9.49,-3.16,-0.94,,-3.02,-0.87,-0.19
2026-03-17,KSY,9.67,1.9,2.22,,1.75,2.05,-0.19
2026-02-09,LUK,9.85,,,,,,-1.17
2026-02-10,LUK,9.95,1.02,,,0.85,,-1.17
2026-02-11,LUK,9.89,-0.6,,,-0.51,,-1.17
2026-02-12,LUK,9.9,0.1,,,0.09,,-1.17
2026-02-16,LUK,9.9,0.0,,,0.0,,-1.17
2026-02-17,LUK,9.7,-2.02,-1.52,,-1.72,-1.29,-1.17
2026-02-22,LUK,9.7,0.0,-2.51,,0.0,-2.14,-1.17
2026-02-23,LUK,9.94,2.47,0.51,,2.06,0.43,-1.17
2026-02-24,LUK,9.75,-1.91,-1.52,,-1.63,-1.29,-1.17
2026-02-25,LUK,9.77,0.21,-1.31,,0.17,-1.12,-1.17
2026-02-26,LUK,9.8,0.31,1.03,,0.26,0.86,-1.17
2026-03-01,LUK,9.8,0.0,1.03,,0.0,0.86,-1.17
2026-03-03,LUK,9.7,-1.02,-2.41,,-0.86,-2.06,-1.17
2026-03-09,LUK,9.7,0.0,-0.51,,0.0,-0.43,-1.17
2026-03-10,LUK,9.8,1.03,0.31,,0.86,0.26,-1.17
2026-03-11,LUK,9.99,1.94,1.94,,1.63,1.63,-1.17
2026-03-12,LUK,10.0,0.1,2.04,,0.08,1.71,-1.17
2026-03-15,LUK,9.91,-0.9,2.16,,-0.77,1.8,-1.17
2026-03-16,LUK,9.75,-1.61,0.52,,-1.37,0.43,-1.17
2026-03-17,LUK,9.94,1.95,1.43,,1.63,1.2,-1.17
2026-02-09,LVF2,9.5,,,,,,-1.93
2026-02-10,LVF2,9.45,-0.53,,,-0.44,,-1.93
2026-02-11,LVF2,9.5,0.53,,,0.44,,-1.93
2026-02-12,LVF2,9.64,1.47,,,1.23,,-1.93
2026-02-16,LVF2,9.71,0.73,,,0.61,,-1.93
2026-02-17,LVF2,9.54,-1.75,0.42,,-1.49,0.35,-1.93
2026-02-22,LVF2,9.48,-0.63,0.32,,-0.52,0.27,-1.93
2026-02-23,LVF2,9.62,1.48,1.26,,1.22,1.05,-1.93
2026-02-24,LVF2,9.5,-1.25,-1.45,,-1.05,-1.23,-1.93
2026-02-25,LVF2,9.51,0.11,-2.06,,0.09,-1.75,-1.93
2026-02-26,LVF2,9.7,2.0,1.68,,1.66,1.4,-1.93
2026-03-01,LVF2,9.6,-1.03,1.27,,-0.87,1.05,-1.93
2026-03-03,LVF2,9.79,1.98,1.77,,1.66,1.49,-1.93
2026-03-09,LVF2,9.79,0.0,3.05,,0.0,2.54,-1.93
2026-03-10,LVF2,9.82,0.31,3.26,,0.26,2.71,-1.93
2026-03-11,LVF2,9.93,1.12,2.37,,0.97,2.02,-1.93
2026-03-12,LVF2,9.98,0.5,3.96,,0.44,3.33,-1.93
2026-03-15,LVF2,9.84,-1.4,0.51,,-1.23,0.44,-1.93
2026-03-16,LVF2,9.87,0.3,0.82,,0.26,0.7,-1.93
2026-03-17,LVF2,9.95,0.81,1.32,,0.7,1.14,-1.93
2026-02-09,MBLEF,10.09,,,,,,1.02
2026-02-10,MBLEF,10.07,-0.2,,,-0.19,,1.02
2026-02-11,MBLEF,10.1,0.3,,,0.28,,1.02
2026-02-12,MBLEF,10.09,-0.1,,,-0.09,,1.02
2026-02-16,MBLEF,10.07,-0.2,,,-1.12,,1.02
2026-02-17,MBLEF,10.01,-0.6,-0.79,,-0.55,-1.67,1.02
2026-02-22,MBLEF,10.09,0.8,0.2,,0.73,-0.75,1.02
2026-02-23,MBLEF,10.1,0.1,0.0,,0.09,-0.94,1.02
2026-02-24,MBLEF,10.1,0.0,0.1,,0.0,-0.85,1.02
2026-02-25,MBLEF,10.04,-0.59,-0.3,,-0.55,-0.28,1.02
2026-02-26,MBLEF,10.04,0.0,0.3,,0.0,0.27,1.02
2026-03-01,MBLEF,10.05,0.1,-0.4,,0.09,-0.37,1.02
2026-03-03,MBLEF,10.12,0.7,0.2,,0.64,0.18,1.02
2026-03-09,MBLEF,10.12,0.0,0.2,,0.0,0.18,1.02
2026-03-10,MBLEF,10.43,3.06,3.88,,2.84,3.57,1.02
2026-03-11,MBLEF,10.5,0.67,4.58,,0.64,4.21,1.02
2026-03-12,MBLEF,10.69,1.81,6.37,,1.73,5.85,1.02
2026-03-15,MBLEF,10.4,-2.71,2.77,,-2.65,2.56,1.02
2026-03-16,MBLEF,10.3,-0.96,1.78,,-0.91,1.65,1.02
2026-03-17,MBLEF,10.3,0.0,-1.25,,0.0,-1.19,1.02
2026-02-09,MMF1,8.92,,,,,,0.31
2026-02-10,MMF1,9.05,1.46,,,1.36,,0.31
2026-02-11,MMF1,8.92,-1.44,,,-1.36,,0.31
2026-02-12,MMF1,9.08,1.79,,,1.68,,0.31
2026-02-16,MMF1,8.92,-1.76,,,-1.97,,0.31
2026-02-17,MMF1,9.0,0.9,0.9,,0.84,0.55,0.31
2026-02-22,MMF1,9.05,0.56,0.0,,0.52,-0.29,0.31
2026-02-23,MMF1,9.61,6.19,7.74,,5.84,6.91,0.31
2026-02-24,MMF1,9.62,0.1,5.95,,0.11,5.34,0.31
2026-02-25,MMF1,9.75,1.35,9.3,,1.35,8.66,0.31
2026-02-26,MMF1,9.53,-2.26,5.89,,-2.29,5.53,0.31
2026-03-01,MMF1,9.25,-2.94,2.21,,-2.92,2.09,0.31
2026-03-03,MMF1,9.43,1.95,-1.87,,1.87,-1.88,0.31
2026-03-09,MMF1,9.43,0.0,-1.98,,0.0,-1.99,0.31
2026-03-10,MMF1,9.55,1.27,-2.05,,1.26,-2.08,0.31
2026-03-11,MMF1,9.6,0.52,0.73,,0.52,0.73,0.31
2026-03-12,MMF1,9.5,-1.04,2.7,,-1.05,2.6,0.31
2026-03-15,MMF1,9.36,-1.47,-0.74,,-1.46,-0.73,0.31
2026-03-16,MMF1,9.53,1.82,1.06,,1.78,1.05,0.31
2026-03-17,MMF1,9.45,-0.84,-1.05,,-0.84,-1.05,0.31
2026-02-09,MNMF1,9.36,,,,,,1.47
2026-02-10,MNMF1,9.73,3.95,,,3.61,,1.47
2026-02-11,MNMF1,9.45,-2.88,,,-2.73,,1.47
2026-02-12,MNMF1,9.7,2.65,,,2.44,,1.47
2026-02-16,MNMF1,9.6,-1.03,,,-2.33,,1.47
2026-02-17,MNMF1,9.46,-1.46,1.07,,-1.35,-0.36,1.47
2026-02-22,MNMF1,9.77,3.28,0.41,,2.98,-0.99,1.47
2026-02-23,MNMF1,9.5,-2.76,0.53,,-2.6,-0.86,1.47
2026-02-24,MNMF1,9.7,2.11,0.0,,1.93,-1.37,1.47
2026-02-25,MNMF1,9.79,0.93,1.98,,0.87,1.83,1.47
2026-02-26,MNMF1,9.65,-1.43,2.01,,-1.35,1.83,1.47
2026-03-01,MNMF1,9.68,0.31,-0.92,,0.29,-0.86,1.47
2026-03-03,MNMF1,9.62,-0.62,1.26,,-0.58,1.16,1.47
2026-03-09,MNMF1,9.62,0.0,-0.82,,0.0,-0.77,1.47
2026-03-10,MNMF1,9.8,1.87,0.1,,1.73,0.09,1.47
2026-03-11,MNMF1,9.85,0.51,2.07,,0.48,1.92,1.47
2026-03-12,MNMF1,10.0,1.52,3.31,,1.45,3.08,1.47
2026-03-15,MNMF1,9.72,-2.8,1.04,,-2.7,0.96,1.47
2026-03-16,MNMF1,9.66,-0.62,0.42,,-0.58,0.38,1.47
2026-03-17,MNMF1,9.7,0.41,-1.02,,0.39,-0.96,1.47
2026-02-09,NBF2,9.72,,,,,,0.48
2026-02-10,NBF2,9.58,-1.44,,,-1.34,,0.48
2026-02-11,NBF2,9.68,1.04,,,0.96,,0.48
2026-02-12,NBF2,9.85,1.76,,,1.18,,0.48
2026-02-16,NBF2,9.61,-2.44,,,-2.29,,0.48
2026-02-17,NBF2,9.62,0.1,-1.03,,0.09,-1.4,0.48
2026-02-22,NBF2,9.6,-0.21,0.21,,-0.19,-0.25,0.48
2026-02-23,NBF2,9.61,0.1,-0.72,,0.1,-1.11,0.48
2026-02-24,NBF2,9.61,0.0,-2.44,,0.0,-2.29,0.48
2026-02-25,NBF2,9.7,0.94,0.94,,0.86,0.86,0.48
2026-02-26,NBF2,9.65,-0.52,0.31,,-0.48,0.29,0.48
2026-03-01,NBF2,9.53,-1.24,-0.73,,-1.15,-0.67,0.48
2026-03-03,NBF2,9.72,1.99,1.14,,1.82,1.05,0.48
2026-03-09,NBF2,9.89,1.75,2.91,,1.62,2.67,0.48
2026-03-10,NBF2,10.0,1.11,3.09,,1.05,2.86,0.48
2026-03-11,NBF2,9.9,-1.0,2.59,,-0.95,2.39,0.48
2026-03-12,NBF2,9.87,-0.3,3.57,,-0.29,3.25,0.48
2026-03-15,NBF2,9.9,0.3,1.85,,0.29,1.72,0.48
2026-03-16,NBF2,9.91,0.1,0.2,,0.09,0.19,0.48
2026-03-17,NBF2,9.97,0.61,-0.3,,0.57,-0.29,0.48
2026-02-09,NBF3,9.4,,,,,,1.18
2026-02-10,NBF3,9.58,1.91,,,1.76,,1.18
2026-02-11,NBF3,9.77,1.98,,,1.86,,1.18
2026-02-12,NBF3,9.65,-1.23,,,-2.27,,1.18
2026-02-16,NBF3,9.47,-1.87,,,-1.75,,1.18
2026-02-17,NBF3,9.45,-0.21,0.53,,-0.19,-0.59,1.18
2026-02-22,NBF3,9.51,0.63,-0.73,,0.58,-1.77,1.18
2026-02-23,NBF3,9.4,-1.16,-3.79,,-1.06,-4.69,1.18
2026-02-24,NBF3,9.4,0.0,-2.59,,0.0,-2.42,1.18
2026-02-25,NBF3,9.5,1.06,0.32,,0.96,0.29,1.18
2026-02-26,NBF3,9.51,0.11,0.63,,0.1,0.58,1.18
2026-03-01,NBF3,9.42,-0.95,-0.95,,-0.87,-0.87,1.18
2026-03-03,NBF3,9.6,1.91,2.13,,1.74,1.93,1.18
2026-03-09,NBF3,9.6,0.0,2.13,,0.0,1.93,1.18
2026-03-10,NBF3,9.75,1.56,2.63,,1.46,2.43,1.18
2026-03-11,NBF3,9.7,-0.51,2.0,,-0.49,1.84,1.18
2026-03-12,NBF3,9.8,1.03,4.03,,0.97,3.68,1.18
2026-03-15,NBF3,9.68,-1.22,0.83,,-1.16,0.78,1.18
2026-03-16,NBF3,9.67,-0.1,0.73,,-0.1,0.68,1.18
2026-03-17,NBF3,9.71,0.41,-0.41,,0.39,-0.39,1.18
2026-02-09,NIBLGF,9.82,,,,,,0.2
2026-02-10,NIBLGF,10.21,3.97,,,3.99,,0.2
2026-02-11,NIBLGF,9.8,-4.02,,,-4.19,,0.2
2026-02-12,NIBLGF,9.52,-2.86,,,-2.87,,0.2
2026-02-16,NIBLGF,9.33,-2.0,,,-2.14,,0.2
2026-02-17,NIBLGF,9.5,1.82,-3.26,,1.74,-3.47,0.2
2026-02-22,NIBLGF,9.88,4.0,-3.23,,3.88,-3.58,0.2
2026-02-23,NIBLGF,9.65,-2.33,-1.53,,-2.35,-1.74,0.2
2026-02-24,NIBLGF,9.46,-1.97,-0.63,,-1.94,-0.81,0.2
2026-02-25,NIBLGF,9.28,-1.9,-0.54,,-1.84,-0.51,0.2
2026-02-26,NIBLGF,9.16,-1.29,-3.58,,-1.23,-3.48,0.2
2026-03-01,NIBLGF,9.71,6.0,-1.72,,5.62,-1.74,0.2
2026-03-03,NIBLGF,9.9,1.96,2.59,,1.94,2.55,0.2
2026-03-09,NIBLGF,9.9,0.0,4.65,,0.0,4.49,0.2
2026-03-10,NIBLGF,10.3,4.04,10.99,,4.09,10.42,0.2
2026-03-11,NIBLGF,9.9,-3.88,8.08,,-4.09,7.56,0.2
2026-03-12,NIBLGF,9.55,-3.54,-1.65,,-3.57,-1.63,0.2
2026-03-15,NIBLGF,9.39,-1.68,-5.15,,-1.64,-5.21,0.2
2026-03-16,NIBLGF,9.43,0.43,-4.75,,0.41,-4.8,0.2
2026-03-17,NIBLGF,9.46,0.32,-8.16,,0.31,-8.58,0.2
2026-02-09,NIBLSTF,9.22,,,,,,0.21
2026-02-10,NIBLSTF,9.28,0.65,,,0.62,,0.21
2026-02-11,NIBLSTF,9.09,-2.05,,,-1.95,,0.21
2026-02-12,NIBLSTF,9.26,1.87,,,1.74,,0.21
2026-02-16,NIBLSTF,9.23,-0.32,,,-0.5,,0.21
2026-02-17,NIBLSTF,9.12,-1.19,-1.08,,-1.12,-1.21,0.21
2026-02-22,NIBLSTF,9.2,0.88,-0.86,,0.82,-1.01,0.21
2026-02-23,NIBLSTF,9.25,0.54,1.76,,0.51,1.45,0.21
2026-02-24,NIBLSTF,9.25,0.0,-0.11,,0.0,-0.29,0.21
2026-02-25,NIBLSTF,9.13,-1.3,-1.08,,-1.23,-1.02,0.21
2026-02-26,NIBLSTF,9.05,-0.88,-0.77,,-0.82,-0.72,0.21
2026-03-01,NIBLSTF,9.28,2.54,0.87,,2.35,0.81,0.21
2026-03-03,NIBLSTF,9.2,-0.86,-0.54,,-0.81,-0.51,0.21
2026-03-09,NIBLSTF,9.38,1.96,1.41,,1.84,1.33,0.21
2026-03-10,NIBLSTF,9.36,-0.21,2.52,,-0.21,2.35,0.21
2026-03-11,NIBLSTF,9.47,1.18,4.64,,1.13,4.3,0.21
2026-03-12,NIBLSTF,9.6,1.37,3.45,,1.33,3.28,0.21
2026-03-15,NIBLSTF,9.32,-2.92,1.3,,-2.87,1.22,0.21
2026-03-16,NIBLSTF,9.22,-1.07,-1.71,,-1.02,-1.64,0.21
2026-03-17,NIBLSTF,9.35,1.41,-0.11,,1.33,-0.1,0.21
2026-02-09,NIBSF2,9.29,,,,,,0.41
2026-02-10,NIBSF2,9.31,0.22,,,0.2,,0.41
2026-02-11,NIBSF2,9.15,-1.72,,,-1.63,,0.41
2026-02-12,NIBSF2,9.15,0.0,,,0.0,,0.41
2026-02-16,NIBSF2,9.08,-0.77,,,-1.1,,0.41
2026-02-17,NIBSF2,9.26,1.98,-0.32,,1.84,-0.69,0.41
2026-02-22,NIBSF2,9.57,3.35,2.79,,3.15,2.26,0.41
2026-02-23,NIBSF2,9.11,-4.81,-0.44,,-4.68,-0.79,0.41
2026-02-24,NIBSF2,9.03,-0.88,-1.31,,-0.81,-1.6,0.41
2026-02-25,NIBSF2,9.03,0.0,-0.55,,0.0,-0.5,0.41
2026-02-26,NIBSF2,9.04,0.11,-2.38,,0.1,-2.24,0.41
2026-03-01,NIBSF2,9.22,1.99,-3.66,,1.83,-3.56,0.41
2026-03-03,NIBSF2,9.11,-1.19,0.0,,-1.12,0.0,0.41
2026-03-09,NIBSF2,9.11,0.0,0.89,,0.0,0.81,0.41
2026-03-10,NIBSF2,9.12,0.11,1.0,,0.1,0.91,0.41
2026-03-11,NIBSF2,9.5,4.17,5.09,,3.87,4.68,0.41
2026-03-12,NIBSF2,9.36,-1.47,1.52,,-1.42,1.43,0.41
2026-03-15,NIBSF2,9.32,-0.43,2.31,,-0.41,2.14,0.41
2026-03-16,NIBSF2,9.38,0.64,2.96,,0.61,2.75,0.41
2026-03-17,NIBSF2,9.37,-0.11,2.74,,-0.1,2.55,0.41
2026-02-09,NICBF,9.32,,,,,,-0.1
2026-02-10,NICBF,9.3,-0.21,,,-0.2,,-0.1
2026-02-11,NICBF,9.19,-1.18,,,-1.1,,-0.1
2026-02-12,NICBF,9.2,0.11,,,0.19,,-0.1
2026-02-16,NICBF,9.32,1.3,,,1.2,,-0.1
2026-02-17,NICBF,9.65,3.54,3.54,,3.29,3.38,-0.1
2026-02-22,NICBF,9.61,-0.41,3.33,,-0.4,3.18,-0.1
2026-02-23,NICBF,9.6,-0.1,4.46,,-0.1,4.18,-0.1
2026-02-24,NICBF,9.6,0.0,4.35,,0.0,3.99,-0.1
2026-02-25,NICBF,9.6,0.0,3.0,,0.0,2.79,-0.1
2026-02-26,NICBF,9.61,0.1,-0.41,,0.1,-0.4,-0.1
2026-03-01,NICBF,9.43,-1.87,-1.87,,-1.79,-1.79,-0.1
2026-03-03,NICBF,9.61,1.91,0.1,,1.79,0.1,-0.1
2026-03-09,NICBF,9.61,0.0,0.1,,0.0,0.1,-0.1
2026-03-10,NICBF,9.06,-5.72,-5.62,,-5.48,-5.38,-0.1
2026-03-11,NICBF,9.34,3.09,-2.81,,2.79,-2.69,-0.1
2026-03-12,NICBF,9.71,3.96,2.97,,3.69,2.79,-0.1
2026-03-15,NICBF,9.71,0.0,1.04,,0.0,1.0,-0.1
2026-03-16,NICBF,9.6,-1.13,-0.1,,-1.1,-0.1,-0.1
2026-03-17,NICBF,9.98,3.96,10.15,,3.79,9.17,-0.1
2026-02-09,NICFC,9.16,,,,,,0.7
2026-02-10,NICFC,9.15,-0.11,,,-0.1,,0.7
2026-02-11,NICFC,9.16,0.11,,,0.1,,0.7
2026-02-12,NICFC,9.16,0.0,,,-0.64,,0.7
2026-02-16,NICFC,9.2,0.44,,,0.4,,0.7
2026-02-17,NICFC,9.2,0.0,0.44,,0.0,-0.24,0.7
2026-02-22,NICFC,9.16,-0.43,0.11,,-0.4,-0.54,0.7
2026-02-23,NICFC,9.16,0.0,0.0,,0.0,-0.64,0.7
2026-02-24,NICFC,9.2,0.44,0.44,,0.4,0.4,0.7
2026-02-25,NICFC,9.2,0.0,0.0,,0.0,0.0,0.7
2026-02-26,NICFC,9.46,2.83,2.83,,2.58,2.58,0.7
2026-03-01,NICFC,9.44,-0.21,3.06,,-0.2,2.78,0.7
2026-03-03,NICFC,9.62,1.91,5.02,,1.78,4.56,0.7
2026-03-09,NICFC,9.81,1.98,6.63,,1.88,6.04,0.7
2026-03-10,NICFC,9.35,-4.69,1.63,,-4.55,1.49,0.7
2026-03-11,NICFC,9.42,0.75,-0.42,,0.69,-0.4,0.7
2026-03-12,NICFC,9.5,0.85,0.64,,0.79,0.59,0.7
2026-03-15,NICFC,9.5,0.0,-1.25,,0.0,-1.19,0.7
2026-03-16,NICFC,9.51,0.11,-3.06,,0.1,-2.97,0.7
2026-03-17,NICFC,9.4,-1.16,0.53,,-1.09,0.49,0.7
2026-02-09,NICGF2,9.27,,,,,,0.1
2026-02-10,NICGF2,9.45,1.94,,,1.78,,0.1
2026-02-11,NICGF2,9.1,-3.7,,,-3.46,,0.1
2026-02-12,NICGF2,9.19,0.99,,,0.8,,0.1
2026-02-16,NICGF2,9.16,-0.33,,,-0.29,,0.1
2026-02-17,NICGF2,9.47,3.38,2.16,,3.05,1.88,0.1
2026-02-22,NICGF2,9.4,-0.74,-0.53,,-0.69,-0.59,0.1
2026-02-23,NICGF2,9.25,-1.6,1.65,,-1.48,1.39,0.1
2026-02-24,NICGF2,9.26,0.11,0.76,,0.1,0.69,0.1
2026-02-25,NICGF2,9.4,1.51,2.62,,1.38,2.36,0.1
2026-02-26,NICGF2,9.22,-1.91,-2.64,,-1.77,-2.46,0.1
2026-03-01,NICGF2,9.4,1.95,0.0,,1.77,0.0,0.1
2026-03-03,NICGF2,9.27,-1.38,0.22,,-1.28,0.2,0.1
2026-03-09,NICGF2,9.27,0.0,0.11,,0.0,0.1,0.1
2026-03-10,NICGF2,9.3,0.32,-1.06,,0.3,-0.98,0.1
2026-03-11,NICGF2,9.39,0.97,1.84,,0.88,1.67,0.1
2026-03-12,NICGF2,9.44,0.53,0.43,,0.49,0.39,0.1
2026-03-15,NICGF2,9.5,0.64,2.48,,0.6,2.27,0.1
2026-03-16,NICGF2,9.7,2.11,4.64,,1.97,4.24,0.1
2026-03-17,NICGF2,9.24,-4.74,-0.65,,-4.54,-0.6,0.1
2026-02-09,NICSF,8.89,,,,,,-0.1
2026-02-10,NICSF,8.91,0.22,,,0.21,,-0.1
2026-02-11,NICSF,8.82,-1.01,,,-0.95,,-0.1
2026-02-12,NICSF,8.92,1.13,,,1.05,,-0.1
2026-02-16,NICSF,8.9,-0.22,,,-0.11,,-0.1
2026-02-17,NICSF,9.12,2.47,2.59,,2.31,2.51,-0.1
2026-02-22,NICSF,9.1,-0.22,2.13,,-0.21,2.09,-0.1
2026-02-23,NICSF,8.89,-2.31,0.79,,-2.21,0.83,-0.1
2026-02-24,NICSF,9.1,2.36,2.02,,2.21,1.99,-0.1
2026-02-25,NICSF,9.1,0.0,2.25,,0.0,2.1,-0.1
2026-02-26,NICSF,9.02,-0.88,-1.1,,-0.84,-1.05,-0.1
2026-03-01,NICSF,9.18,1.77,0.88,,1.68,0.84,-0.1
2026-03-03,NICSF,9.48,3.27,6.64,,3.15,6.2,-0.1
2026-03-09,NICSF,9.48,0.0,4.18,,0.0,3.99,-0.1
2026-03-10,NICSF,9.49,0.11,4.29,,0.1,4.09,-0.1
2026-03-11,NICSF,9.5,0.11,5.32,,0.11,5.04,-0.1
2026-03-12,NICSF,9.54,0.42,3.92,,0.41,3.77,-0.1
2026-03-15,NICSF,9.52,-0.21,0.42,,-0.2,0.42,-0.1
2026-03-16,NICSF,9.5,-0.21,0.21,,-0.21,0.21,-0.1
2026-03-17,NICSF,9.32,-1.89,-1.79,,-1.89,-1.78,-0.1
2026-02-09,NMB50,10.31,,,,,,0.1
2026-02-10,NMB50,10.51,1.94,,,1.94,,0.1
2026-02-11,NMB50,10.26,-2.38,,,-2.42,,0.1
2026-02-12,NMB50,10.25,-0.1,,,-0.2,,0.1
2026-02-16,NMB50,10.45,1.95,,,1.94,,0.1
2026-02-17,NMB50,10.17,-2.68,-1.36,,-2.71,-1.45,0.1
2026-02-22,NMB50,10.3,1.28,-2.0,,1.26,-2.13,0.1
2026-02-23,NMB50,10.49,1.84,2.24,,1.84,2.13,0.1
2026-02-24,NMB50,10.79,2.86,5.27,,2.9,5.23,0.1
2026-02-25,NMB50,10.4,-3.61,-0.48,,-3.77,-0.48,0.1
2026-02-26,NMB50,10.3,-0.96,1.28,,-0.97,1.26,0.1
2026-03-01,NMB50,10.13,-1.65,-1.65,,-1.65,-1.65,0.1
2026-03-03,NMB50,10.53,3.95,0.38,,3.87,0.38,0.1
2026-03-09,NMB50,10.53,0.0,-2.41,,0.0,-2.52,0.1
2026-03-10,NMB50,10.75,2.09,3.37,,2.14,3.39,0.1
2026-03-11,NMB50,10.36,-3.63,0.58,,-3.78,0.58,0.1
2026-03-12,NMB50,10.34,-0.19,2.07,,-0.2,2.03,0.1
2026-03-15,NMB50,10.34,0.0,-1.8,,0.0,-1.84,0.1
2026-03-16,NMB50,10.31,-0.29,-2.09,,-0.29,-2.13,0.1
2026-03-17,NMB50,10.33,0.19,-3.91,,0.2,-4.07,0.1
2026-02-09,NMBHF2,9.38,,,,,,0.1
2026-02-10,NMBHF2,9.35,-0.32,,,-0.29,,0.1
2026-02-11,NMBHF2,9.4,0.53,,,0.48,,0.1
2026-02-12,NMBHF2,9.45,0.53,,,0.4,,0.1
2026-02-16,NMBHF2,9.55,1.06,,,0.96,,0.1
2026-02-17,NMBHF2,9.5,-0.52,1.28,,-0.48,1.07,0.1
2026-02-22,NMBHF2,9.46,-0.42,1.18,,-0.39,0.97,0.1
2026-02-23,NMBHF2,9.65,2.01,2.66,,1.84,2.33,0.1
2026-02-24,NMBHF2,9.73,0.83,2.96,,0.77,2.7,0.1
2026-02-25,NMBHF2,9.73,0.0,1.88,,0.0,1.74,0.1
2026-02-26,NMBHF2,9.41,-3.29,-0.95,,-3.09,-0.87,0.1
2026-03-01,NMBHF2,9.46,0.53,0.0,,0.48,0.0,0.1
2026-03-03,NMBHF2,9.44,-0.21,-2.18,,-0.19,-2.03,0.1
2026-03-09,NMBHF2,9.44,0.0,-2.98,,0.0,-2.8,0.1
2026-03-10,NMBHF2,9.82,4.03,0.92,,3.67,0.87,0.1
2026-03-11,NMBHF2,9.56,-2.65,1.59,,-2.51,1.45,0.1
2026-03-12,NMBHF2,9.61,0.52,1.59,,0.48,1.45,0.1
2026-03-15,NMBHF2,9.84,2.39,4.24,,2.22,3.86,0.1
2026-03-16,NMBHF2,9.7,-1.42,2.75,,-1.35,2.51,0.1
2026-03-17,NMBHF2,9.8,1.03,-0.2,,0.96,-0.2,0.1
2026-02-09,NSIF2,10.61,,,,,,0.0
2026-02-10,NSIF2,10.61,0.0,,,0.0,,0.0
2026-02-11,NSIF2,10.7,0.85,,,0.77,,0.0
2026-02-12,NSIF2,10.66,-0.37,,,-0.34,,0.0
2026-02-16,NSIF2,10.75,0.84,,,0.77,,0.0
2026-02-17,NSIF2,10.6,-1.4,-0.09,,-1.29,-0.09,0.0
2026-02-22,NSIF2,10.45,-1.42,-1.51,,-1.29,-1.38,0.0
2026-02-23,NSIF2,10.5,0.48,-1.87,,0.43,-1.72,0.0
2026-02-24,NSIF2,10.55,0.48,-1.03,,0.43,-0.95,0.0
2026-02-25,NSIF2,10.42,-1.23,-3.07,,-1.11,-2.83,0.0
2026-02-26,NSIF2,10.62,1.92,0.19,,1.72,0.18,0.0
2026-03-01,NSIF2,10.69,0.66,2.3,,0.6,2.07,0.0
2026-03-03,NSIF2,10.62,-0.65,1.14,,-0.6,1.04,0.0
2026-03-09,NSIF2,10.62,0.0,0.66,,0.0,0.61,0.0
2026-03-10,NSIF2,11.03,3.86,5.85,,3.52,5.24,0.0
2026-03-11,NSIF2,10.85,-1.63,2.17,,-1.55,1.97,0.0
2026-03-12,NSIF2,10.84,-0.09,1.4,,-0.08,1.29,0.0
2026-03-15,NSIF2,10.88,0.37,2.45,,0.34,2.23,0.0
2026-03-16,NSIF2,10.85,-0.28,2.17,,-0.26,1.97,0.0
2026-03-17,NSIF2,10.88,0.28,-1.36,,0.26,-1.29,0.0
2026-02-09,PRSF,11.25,,,,,,0.24
2026-02-10,PRSF,11.18,-0.62,,,-0.57,,0.24
2026-02-11,PRSF,11.26,0.72,,,0.65,,0.24
2026-02-12,PRSF,11.27,0.09,,,-0.14,,0.24
2026-02-16,PRSF,11.32,0.44,,,0.4,,0.24
2026-02-17,PRSF,11.19,-1.15,-0.53,,-1.05,-0.71,0.24
2026-02-22,PRSF,11.18,-0.09,0.0,,-0.08,-0.22,0.24
2026-02-23,PRSF,11.15,-0.27,-0.98,,-0.25,-1.12,0.24
2026-02-24,PRSF,11.36,1.88,0.8,,1.71,0.73,0.24
2026-02-25,PRSF,11.38,0.18,0.53,,0.16,0.49,0.24
2026-02-26,PRSF,11.3,-0.7,0.98,,-0.65,0.89,0.24
2026-03-01,PRSF,11.21,-0.8,0.27,,-0.73,0.24,0.24
2026-03-03,PRSF,11.38,1.52,2.06,,1.38,1.87,0.24
2026-03-09,PRSF,11.38,0.0,0.18,,0.0,0.16,0.24
2026-03-10,PRSF,11.32,-0.53,-0.53,,-0.49,-0.49,0.24
2026-03-11,PRSF,11.51,1.68,1.86,,1.55,1.71,0.24
2026-03-12,PRSF,11.51,0.0,2.68,,0.0,2.44,0.24
2026-03-15,PRSF,11.74,2.0,3.16,,1.86,2.92,0.24
2026-03-16,PRSF,11.78,0.34,3.51,,0.33,3.25,0.24
2026-03-17,PRSF,11.55,-1.95,2.03,,-1.87,1.87,0.24
2026-02-09,PSF,11.07,,,,,,0.17
2026-02-10,PSF,11.18,0.99,,,0.91,,0.17
2026-02-11,PSF,11.1,-0.72,,,-0.66,,0.17
2026-02-12,PSF,11.3,1.8,,,1.51,,0.17
2026-02-16,PSF,11.08,-1.95,,,-1.83,,0.17
2026-02-17,PSF,11.2,1.08,1.17,,1.0,0.93,0.17
2026-02-22,PSF,11.08,-1.07,-0.89,,-1.0,-0.98,0.17
2026-02-23,PSF,11.1,0.18,0.0,,0.17,-0.15,0.17
2026-02-24,PSF,11.01,-0.81,-2.57,,-0.75,-2.41,0.17
2026-02-25,PSF,11.05,0.36,-0.27,,0.33,-0.25,0.17
2026-02-26,PSF,11.02,-0.27,-1.61,,-0.25,-1.5,0.17
2026-03-01,PSF,10.87,-1.36,-1.9,,-1.24,-1.74,0.17
2026-03-03,PSF,11.2,3.04,0.9,,2.74,0.83,0.17
2026-03-09,PSF,11.2,0.0,1.73,,0.0,1.58,0.17
2026-03-10,PSF,11.39,1.7,3.08,,1.57,2.82,0.17
2026-03-11,PSF,11.51,1.05,4.45,,1.0,4.07,0.17
2026-03-12,PSF,11.6,0.78,6.72,,0.75,6.06,0.17
2026-03-15,PSF,11.74,1.21,4.82,,1.16,4.48,0.17
2026-03-16,PSF,11.54,-1.7,3.04,,-1.66,2.82,0.17
2026-03-17,PSF,11.6,0.52,1.84,,0.5,1.75,0.17
2026-02-09,RBBF40,9.5,,,,,,-0.7
2026-02-10,RBBF40,9.88,4.0,,,3.81,,-0.7
2026-02-11,RBBF40,9.61,-2.73,,,-2.71,,-0.7
2026-02-12,RBBF40,9.38,-2.39,,,-2.31,,-0.7
2026-02-16,RBBF40,9.16,-2.35,,,-1.55,,-0.7
2026-02-17,RBBF40,9.52,3.93,0.21,,3.63,0.87,-0.7
2026-02-22,RBBF40,9.77,2.63,-1.11,,2.53,-0.41,-0.7
2026-02-23,RBBF40,9.6,-1.74,-0.1,,-1.72,0.58,-0.7
2026-02-24,RBBF40,9.6,0.0,2.35,,0.0,2.89,-0.7
2026-02-25,RBBF40,9.26,-3.54,1.09,,-3.43,1.01,-0.7
2026-02-26,RBBF40,9.46,2.16,-0.63,,2.02,-0.6,-0.7
2026-03-01,RBBF40,9.48,0.21,-2.97,,0.2,-2.93,-0.7
2026-03-03,RBBF40,9.45,-0.32,-1.56,,-0.31,-1.52,-0.7
2026-03-09,RBBF40,9.45,0.0,-1.56,,0.0,-1.52,-0.7
2026-03-10,RBBF40,9.28,-1.8,0.22,,-1.71,0.2,-0.7
2026-03-11,RBBF40,9.55,2.91,0.95,,2.72,0.9,-0.7
2026-03-12,RBBF40,9.52,-0.31,0.42,,-0.3,0.4,-0.7
2026-03-15,RBBF40,9.83,3.26,4.02,,3.13,3.84,-0.7
2026-03-16,RBBF40,9.89,0.61,4.66,,0.61,4.45,-0.7
2026-03-17,RBBF40,9.66,-2.33,4.09,,-2.32,3.84,-0.7
2026-02-09,RMF1,9.48,,,,,,0.1
2026-02-10,RMF1,9.35,-1.37,,,-1.3,,0.1
2026-02-11,RMF1,9.65,3.21,,,3.0,,0.1
2026-02-12,RMF1,9.6,-0.52,,,-0.5,,0.1
2026-02-16,RMF1,9.78,1.88,,,1.7,,0.1
2026-02-17,RMF1,9.77,-0.1,3.06,,-0.1,2.8,0.1
2026-02-22,RMF1,9.65,-1.23,3.21,,-1.2,2.9,0.1
2026-02-23,RMF1,9.65,0.0,0.0,,0.0,-0.1,0.1
2026-02-24,RMF1,9.45,-2.07,-1.56,,-1.99,-1.59,0.1
2026-02-25,RMF1,9.62,1.8,-1.64,,1.69,-1.6,0.1
2026-02-26,RMF1,9.62,0.0,-1.54,,0.0,-1.5,0.1
2026-03-01,RMF1,9.75,1.35,1.04,,1.3,1.0,0.1
2026-03-03,RMF1,9.58,-1.74,-0.73,,-1.7,-0.7,0.1
2026-03-09,RMF1,9.77,1.98,3.39,,1.9,3.19,0.1
2026-03-10,RMF1,9.65,-1.23,0.31,,-1.2,0.3,0.1
2026-03-11,RMF1,9.8,1.55,1.87,,1.5,1.8,0.1
2026-03-12,RMF1,9.74,-0.61,-0.1,,-0.6,-0.1,0.1
2026-03-15,RMF1,9.68,-0.62,1.04,,-0.6,1.0,0.1
2026-03-16,RMF1,9.8,1.24,0.31,,1.2,0.3,0.1
2026-03-17,RMF1,9.8,0.0,1.55,,0.0,1.5,0.1
2026-02-09,RMF2,10.0,,,,,,0.09
2026-02-10,RMF2,9.99,-0.1,,,-0.09,,0.09
2026-02-11,RMF2,9.9,-0.9,,,-0.84,,0.09
2026-02-12,RMF2,10.18,2.83,,,2.61,,0.09
2026-02-16,RMF2,9.81,-3.63,,,-3.54,,0.09
2026-02-17,RMF2,9.95,1.43,-0.5,,1.31,-0.55,0.09
2026-02-22,RMF2,9.87,-0.8,-1.2,,-0.75,-1.21,0.09
2026-02-23,RMF2,10.0,1.32,1.01,,1.21,0.84,0.09
2026-02-24,RMF2,9.66,-3.4,-5.11,,-3.17,-4.94,0.09
2026-02-25,RMF2,9.84,1.86,0.31,,1.68,0.28,0.09
2026-02-26,RMF2,9.81,-0.3,-1.41,,-0.28,-1.31,0.09
2026-03-01,RMF2,9.82,0.1,-0.51,,0.09,-0.47,0.09
2026-03-03,RMF2,10.0,1.83,0.0,,1.68,0.0,0.09
2026-03-09,RMF2,10.0,0.0,3.52,,0.0,3.17,0.09
2026-03-10,RMF2,10.03,0.3,1.93,,0.28,1.77,0.09
2026-03-11,RMF2,10.02,-0.1,2.14,,-0.09,1.96,0.09
2026-03-12,RMF2,10.01,-0.1,1.93,,-0.09,1.78,0.09
2026-03-15,RMF2,10.06,0.5,0.6,,0.46,0.56,0.09
2026-03-16,RMF2,10.06,0.0,0.6,,0.0,0.56,0.09
2026-03-17,RMF2,10.25,1.89,2.19,,1.78,2.06,0.09
2026-02-09,RSY,9.91,,,,,,1.13
2026-02-10,RSY,9.8,-1.11,,,-1.03,,1.13
2026-02-11,RSY,9.8,0.0,,,0.0,,1.13
2026-02-12,RSY,9.78,-0.2,,,-0.19,,1.13
2026-02-16,RSY,10.0,2.25,,,1.02,,1.13
2026-02-17,RSY,10.09,0.9,1.82,,0.84,0.64,1.13
2026-02-22,RSY,10.0,-0.89,2.04,,-0.84,0.83,1.13
2026-02-23,RSY,9.8,-2.0,0.0,,-1.86,-1.03,1.13
2026-02-24,RSY,9.9,1.02,1.23,,0.93,0.09,1.13
2026-02-25,RSY,10.01,1.11,0.1,,1.02,0.09,1.13
2026-02-26,RSY,10.0,-0.1,-0.89,,-0.09,-0.84,1.13
2026-03-01,RSY,9.9,-1.0,-1.0,,-0.93,-0.93,1.13
2026-03-03,RSY,10.0,1.01,2.04,,0.93,1.86,1.13
2026-03-09,RSY,10.0,0.0,1.01,,0.0,0.93,1.13
2026-03-10,RSY,10.2,2.0,1.9,,1.86,1.77,1.13
2026-03-11,RSY,10.08,-1.18,0.8,,-1.12,0.74,1.13
2026-03-12,RSY,10.19,1.09,2.93,,1.02,2.69,1.13
2026-03-15,RSY,10.25,0.59,2.5,,0.56,2.32,1.13
2026-03-16,RSY,10.11,-1.37,1.1,,-1.3,1.02,1.13
2026-03-17,RSY,10.45,3.36,2.45,,3.16,2.32,1.13
2026-02-09,SAGF,9.71,,,,,,0.48
2026-02-10,SAGF,9.75,0.41,,,0.38,,0.48
2026-02-11,SAGF,9.87,1.23,,,1.15,,0.48
2026-02-12,SAGF,9.87,0.0,,,-0.45,,0.48
2026-02-16,SAGF,9.99,1.22,,,1.14,,0.48
2026-02-17,SAGF,9.87,-1.2,1.65,,-1.14,1.08,0.48
2026-02-22,SAGF,10.06,1.93,3.18,,1.81,2.51,0.48
2026-02-23,SAGF,9.9,-1.59,0.3,,-1.52,-0.16,0.48
2026-02-24,SAGF,9.9,0.0,0.3,,0.0,0.29,0.48
2026-02-25,SAGF,10.09,1.92,1.0,,1.8,0.95,0.48
2026-02-26,SAGF,9.9,-1.88,0.3,,-1.8,0.29,0.48
2026-03-01,SAGF,9.9,0.0,-1.59,,0.0,-1.52,0.48
2026-03-03,SAGF,9.9,0.0,0.0,,0.0,0.0,0.48
2026-03-09,SAGF,9.9,0.0,0.0,,0.0,0.0,0.48
2026-03-10,SAGF,10.05,1.52,-0.4,,1.42,-0.38,0.48
2026-03-11,SAGF,10.06,0.1,1.62,,0.1,1.52,0.48
2026-03-12,SAGF,10.2,1.39,3.03,,1.33,2.85,0.48
2026-03-15,SAGF,10.0,-1.96,1.01,,-1.9,0.95,0.48
2026-03-16,SAGF,10.02,0.2,1.21,,0.19,1.14,0.48
2026-03-17,SAGF,10.02,0.0,-0.3,,0.0,-0.28,0.48
2026-02-09,SBCF,9.53,,,,,,-1.94
2026-02-10,SBCF,9.5,-0.31,,,-0.27,,-1.94
2026-02-11,SBCF,9.5,0.0,,,0.0,,-1.94
2026-02-12,SBCF,9.4,-1.05,,,-0.88,,-1.94
2026-02-16,SBCF,9.58,1.91,,,1.59,,-1.94
2026-02-17,SBCF,9.4,-1.88,-1.36,,-1.59,-1.15,-1.94
2026-02-22,SBCF,9.58,1.91,0.84,,1.59,0.71,-1.94
2026-02-23,SBCF,9.66,0.84,1.68,,0.71,1.42,-1.94
2026-02-24,SBCF,9.75,0.93,3.72,,0.79,3.09,-1.94
2026-02-25,SBCF,9.51,-2.46,-0.73,,-2.12,-0.62,-1.94
2026-02-26,SBCF,9.35,-1.68,-0.53,,-1.41,-0.44,-1.94
2026-03-01,SBCF,9.45,1.07,-1.36,,0.88,-1.15,-1.94
2026-03-03,SBCF,9.62,1.8,-0.41,,1.5,-0.36,-1.94
2026-03-09,SBCF,9.62,0.0,-1.33,,0.0,-1.15,-1.94
2026-03-10,SBCF,9.9,2.91,4.1,,2.47,3.44,-1.94
2026-03-11,SBCF,9.61,-2.93,2.78,,-2.56,2.29,-1.94
2026-03-12,SBCF,9.89,2.91,4.66,,2.47,3.88,-1.94
2026-03-15,SBCF,9.7,-1.92,0.83,,-1.67,0.71,-1.94
2026-03-16,SBCF,9.6,-1.03,-0.21,,-0.88,-0.17,-1.94
2026-02-09,SEF,9.79,,,,,,0.3
2026-02-10,SEF,9.7,-0.92,,,-0.89,,0.3
2026-02-11,SEF,9.79,0.93,,,0.89,,0.3
2026-02-12,SEF,9.79,0.0,,,0.0,,0.3
2026-02-16,SEF,9.65,-1.43,,,-1.68,,0.3
2026-02-17,SEF,9.73,0.83,-0.61,,0.8,-0.88,0.3
2026-02-22,SEF,9.43,-3.08,-2.78,,-2.99,-2.98,0.3
2026-02-23,SEF,9.61,1.91,-1.84,,1.79,-2.08,0.3
2026-02-24,SEF,9.62,0.1,-1.74,,0.1,-1.98,0.3
2026-02-25,SEF,9.55,-0.73,-1.04,,-0.7,-1.0,0.3
2026-02-26,SEF,9.57,0.21,-1.64,,0.2,-1.6,0.3
2026-03-01,SEF,9.6,0.31,1.8,,0.3,1.69,0.3
2026-03-03,SEF,9.7,1.04,0.94,,1.0,0.9,0.3
2026-03-09,SEF,9.7,0.0,0.83,,0.0,0.8,0.3
2026-03-10,SEF,9.9,2.06,3.66,,1.99,3.49,0.3
2026-03-11,SEF,9.56,-3.43,-0.1,,-3.39,-0.1,0.3
2026-03-12,SEF,10.09,5.54,5.1,,5.28,4.88,0.3
2026-03-15,SEF,10.49,3.96,8.14,,3.98,7.86,0.3
2026-03-16,SEF,10.03,-4.39,3.4,,-4.58,3.28,0.3
2026-03-17,SEF,10.14,1.1,2.42,,1.1,2.39,0.3
2026-02-09,SFEF,9.75,,,,,,-4.1
2026-02-10,SFEF,9.59,-1.64,,,-1.4,,-4.1
2026-02-11,SFEF,9.94,3.65,,,3.06,,-4.1
2026-02-12,SFEF,9.8,-1.41,,,-1.22,,-4.1
2026-02-16,SFEF,9.71,-0.92,,,-0.79,,-4.1
2026-02-17,SFEF,9.66,-0.51,-0.92,,-0.44,-0.79,-4.1
2026-02-22,SFEF,9.63,-0.31,0.42,,-0.26,0.35,-4.1
2026-02-23,SFEF,9.6,-0.31,-3.42,,-0.26,-2.97,-4.1
2026-02-24,SFEF,9.54,-0.63,-2.65,,-0.53,-2.28,-4.1
2026-02-25,SFEF,9.61,0.73,-1.03,,0.62,-0.87,-4.1
2026-02-26,SFEF,9.79,1.87,1.35,,1.57,1.14,-4.1
2026-03-01,SFEF,9.75,-0.41,1.25,,-0.35,1.05,-4.1
2026-03-03,SFEF,9.93,1.85,3.44,,1.58,2.89,-4.1
2026-03-09,SFEF,10.12,1.91,6.08,,1.66,5.08,-4.1
2026-03-10,SFEF,10.1,-0.2,5.1,,-0.18,4.28,-4.1
2026-03-11,SFEF,10.1,0.0,3.17,,0.0,2.71,-4.1
2026-03-12,SFEF,10.3,1.98,5.64,,1.75,4.81,-4.1
2026-03-15,SFEF,10.1,-1.94,1.71,,-1.75,1.48,-4.1
2026-03-16,SFEF,10.02,-0.79,-0.99,,-0.7,-0.88,-4.1
2026-03-17,SFEF,10.42,3.99,3.17,,3.5,2.8,-4.1
2026-02-09,SFMF,10.38,,,,,,-2.04
2026-02-10,SFMF,10.21,-1.64,,,-1.51,,-2.04
2026-02-11,SFMF,10.21,0.0,,,0.0,,-2.04
2026-02-12,SFMF,10.23,0.2,,,0.18,,-2.04
2026-02-16,SFMF,10.27,0.39,,,0.35,,-2.04
2026-02-17,SFMF,10.26,-0.1,-1.16,,-0.08,-1.06,-2.04
2026-02-22,SFMF,10.26,0.0,0.49,,0.0,0.45,-2.04
2026-02-23,SFMF,10.07,-1.85,-1.37,,-1.68,-1.23,-2.04
2026-02-24,SFMF,10.27,1.99,0.39,,1.76,0.35,-2.04
2026-02-25,SFMF,10.26,-0.1,-0.1,,-0.08,-0.08,-2.04
2026-02-26,SFMF,10.26,0.0,0.0,,0.0,0.0,-2.04
2026-03-01,SFMF,10.06,-1.95,-1.95,,-1.77,-1.77,-2.04
2026-03-03,SFMF,10.06,0.0,-0.1,,0.0,-0.09,-2.04
2026-03-09,SFMF,10.06,0.0,-2.04,,0.0,-1.85,-2.04
2026-03-10,SFMF,10.26,1.99,0.0,,1.77,0.0,-2.04
2026-03-11,SFMF,10.5,2.34,2.34,,2.12,2.12,-2.04
2026-03-12,SFMF,10.5,0.0,4.37,,0.0,3.89,-2.04
2026-03-15,SFMF,10.71,2.0,6.46,,1.86,5.75,-2.04
2026-03-16,SFMF,10.71,0.0,6.46,,0.0,5.75,-2.04
2026-03-17,SFMF,10.4,-2.89,1.36,,-2.74,1.24,-2.04
2026-02-09,SIGS2,9.81,,,,,,0.29
2026-02-10,SIGS2,9.62,-1.94,,,-1.83,,0.29
2026-02-11,SIGS2,9.8,1.87,,,1.73,,0.29
2026-02-12,SIGS2,9.7,-1.02,,,-0.96,,0.29
2026-02-16,SIGS2,9.88,1.86,,,1.46,,0.29
2026-02-17,SIGS2,9.69,-1.92,-1.22,,-1.82,-1.42,0.29
2026-02-22,SIGS2,9.88,1.96,2.7,,1.82,2.23,0.29
2026-02-23,SIGS2,9.69,-1.92,-1.12,,-1.82,-1.32,0.29
2026-02-24,SIGS2,9.69,0.0,-0.1,,0.0,-0.36,0.29
2026-02-25,SIGS2,9.88,1.96,0.0,,1.82,0.0,0.29
2026-02-26,SIGS2,9.69,-1.92,0.0,,-1.82,0.0,0.29
2026-03-01,SIGS2,9.58,-1.14,-3.04,,-1.06,-2.88,0.29
2026-03-03,SIGS2,9.5,-0.84,-1.96,,-0.76,-1.82,0.29
2026-03-09,SIGS2,9.5,0.0,-1.96,,0.0,-1.82,0.29
2026-03-10,SIGS2,9.7,2.11,-1.82,,1.91,-1.73,0.29
2026-03-11,SIGS2,10.18,4.95,5.06,,4.6,4.69,0.29
2026-03-12,SIGS2,10.38,1.96,8.35,,1.92,7.67,0.29
2026-03-15,SIGS2,10.0,-3.66,5.26,,-3.64,4.79,0.29
2026-03-16,SIGS2,9.98,-0.2,5.05,,-0.2,4.59,0.29
2026-03-17,SIGS2,9.8,-1.8,1.03,,-1.72,0.96,0.29
2026-02-09,SIGS3,10.19,,,,,,0.19
2026-02-10,SIGS3,10.3,1.08,,,1.03,,0.19
2026-02-11,SIGS3,9.81,-4.76,,,-4.55,,0.19
2026-02-12,SIGS3,10.35,5.5,,,5.01,,0.19
2026-02-16,SIGS3,10.3,-0.48,,,-0.64,,0.19
2026-02-17,SIGS3,10.21,-0.87,0.2,,-0.84,0.01,0.19
2026-02-22,SIGS3,10.21,0.0,-0.87,,0.0,-1.02,0.19
2026-02-23,SIGS3,10.11,-0.98,3.06,,-0.92,2.61,0.19
2026-02-24,SIGS3,10.17,0.59,-1.74,,0.55,-1.85,0.19
2026-02-25,SIGS3,9.97,-1.97,-3.2,,-1.85,-3.06,0.19
2026-02-26,SIGS3,10.3,3.31,0.88,,3.06,0.84,0.19
2026-03-01,SIGS3,10.3,0.0,0.88,,0.0,0.84,0.19
2026-03-03,SIGS3,10.12,-1.75,0.1,,-1.67,0.09,0.19
2026-03-09,SIGS3,10.12,0.0,-0.49,,0.0,-0.46,0.19
2026-03-10,SIGS3,10.2,0.79,2.31,,0.74,2.13,0.19
2026-03-11,SIGS3,10.4,1.96,0.97,,1.86,0.93,0.19
2026-03-12,SIGS3,10.33,-0.67,0.29,,-0.65,0.28,0.19
2026-03-15,SIGS3,10.32,-0.1,1.98,,-0.1,1.85,0.19
2026-03-16,SIGS3,10.31,-0.1,1.88,,-0.09,1.76,0.19
2026-03-17,SIGS3,10.32,0.1,1.18,,0.09,1.11,0.19
2026-02-09,SLCF,9.66,,,,,,0.3
2026-02-10,SLCF,9.85,1.97,,,1.88,,0.3
2026-02-11,SLCF,9.71,-1.42,,,-1.38,,0.3
2026-02-12,SLCF,9.89,1.85,,,1.78,,0.3
2026-02-16,SLCF,9.75,-1.42,,,-1.67,,0.3
2026-02-17,SLCF,9.58,-1.74,-0.83,,-1.68,-1.07,0.3
2026-02-22,SLCF,9.7,1.25,-1.52,,1.19,-1.76,0.3
2026-02-23,SLCF,9.52,-1.86,-1.96,,-1.78,-2.16,0.3
2026-02-24,SLCF,9.51,-0.11,-3.84,,-0.1,-4.04,0.3
2026-02-25,SLCF,9.46,-0.53,-2.97,,-0.49,-2.86,0.3
2026-02-26,SLCF,9.66,2.11,0.84,,1.97,0.79,0.3
2026-03-01,SLCF,9.5,-1.66,-2.06,,-1.57,-1.97,0.3
2026-03-03,SLCF,9.68,1.89,1.68,,1.77,1.58,0.3
2026-03-09,SLCF,9.68,0.0,1.79,,0.0,1.68,0.3
2026-03-10,SLCF,9.6,-0.83,1.48,,-0.79,1.38,0.3
2026-03-11,SLCF,9.6,0.0,-0.62,,0.0,-0.59,0.3
2026-03-12,SLCF,9.64,0.42,1.47,,0.4,1.38,0.3
2026-03-15,SLCF,9.72,0.83,0.41,,0.78,0.39,0.3
2026-03-16,SLCF,9.8,0.82,1.24,,0.79,1.18,0.3
2026-03-17,SLCF,9.9,1.02,3.12,,0.99,2.96,0.3
