date,symbol,name,nav,ltp,discount_pct,volume,fund_size,days_to_maturity,years_to_maturity,price_return_1d,price_return_1w,discount_change_1d,discount_change_1w,parkinson_vol,parkinson_vol_ann,nav_return_1m,discount_score,liquidity_score,maturity_score,nav_growth_score,momentum_score,volatility_score,disc_trend_score,composite_score,rank
2026-09-24,PSF,Prabhu Select Fund,13.09,10.86,-17.04,292062,1250000000,636,1.74,-0.64,-0.46,-0.54,-0.39,1.8007,28.59,0.38,82.05128205128204,97.43589743589743,92.3076923076923,85.8974358974359,38.46153846153847,53.84615384615385,41.02564102564102,75.0,1
2026-09-24,NICGF2,NIC Asia Growth Fund 2,10.4,8.9,-14.42,31400,905000000,1518,4.16,2.3,4.22,1.93,3.46,2.0249,32.14,1.36,66.66666666666667,69.23076923076923,69.23076923076923,100.0,89.74358974358975,20.512820512820518,89.74358974358975,70.77,2
2026-09-24,PRSF,Prabhu Smart Fund,13.93,11.83,-15.08,174100,1000000000,1998,5.47,0.51,0.08,0.43,0.07,1.5802,25.08,-0.71,76.92307692307692,94.87179487179486,51.28205128205128,74.35897435897436,48.717948717948715,71.7948717948718,48.717948717948715,69.36,3
2026-09-24,LUK,Laxmi Unnati Kosh,11.66,9.48,-18.7,100,652623600,1420,3.89,-2.97,1.5,-2.49,1.2,1.6504,26.2,-1.17,89.74358974358975,7.6923076923076925,71.7948717948718,71.7948717948718,76.92307692307693,66.66666666666667,71.7948717948718,67.56,4
2026-09-24,SFMF,Sunrise First Mutual Fund,11.3,9.25,-18.14,2670,860000000,1137,3.12,0.33,0.54,0.27,0.44,0.9398,14.92,-2.04,87.17948717948718,28.205128205128204,74.35897435897436,41.02564102564102,58.97435897435898,97.43589743589743,58.97435897435898,67.18,5
2026-09-24,NMBHF2,NMB Hybrid Fund L-II,10.42,8.96,-14.01,98265,1364840000,3078,8.43,-1.54,5.79,-1.34,4.7,1.8867,29.95,-0.57,61.53846153846154,92.3076923076923,15.384615384615385,76.92307692307693,97.43589743589743,41.02564102564102,94.87179487179486,65.64,6
2026-09-24,NSIF2,NMB Sulav Investment Fund - II,11.69,10.05,-14.03,65300,1200000000,2169,5.94,-0.3,0.5,-0.26,0.43,1.399,22.21,0.26,64.1025641025641,79.48717948717949,43.58974358974359,82.05128205128204,56.41025641025641,84.61538461538461,56.41025641025641,65.64,6
2026-09-24,SBCF,Sunrise Bluechip Fund,11.34,8.92,-21.34,35400,1250000000,1644,4.5,-0.89,-1.22,-0.71,-0.97,2.0691,32.85,-1.94,97.43589743589743,71.7948717948718,64.1025641025641,48.717948717948715,25.64102564102564,17.948717948717952,25.64102564102564,61.41,8
2026-09-24,SFEF,Sunrise Focused Equity Fund,11.43,9.11,-20.3,4950,1000000000,1967,5.39,2.13,-0.98,1.66,-0.79,1.1021,17.49,-4.1,94.87179487179486,43.58974358974359,53.84615384615385,10.256410256410255,30.76923076923077,92.3076923076923,30.76923076923077,59.49,9
2026-09-24,NICFC,NIC Asia Flexi Cap Fund,10.3,8.87,-13.88,3400,1020000000,995,2.73,-0.45,-1.0,-0.38,-0.87,1.7838,28.32,0.88,58.97435897435898,30.76923076923077,82.05128205128204,93.58974358974359,28.205128205128204,56.41025641025641,28.205128205128204,55.26,10
2026-09-24,NBF2,Nabil Balanced Fund - 2,10.47,9.21,-12.03,10100,1120000000,980,2.68,-0.43,-3.56,-0.38,-3.24,1.4098,22.38,0.48,51.28205128205128,53.84615384615385,84.61538461538461,89.74358974358975,7.6923076923076925,82.05128205128204,7.6923076923076925,54.87,11
2026-09-24,NIBLGF,NIBL Growth Fund,9.86,8.69,-11.87,21245,1320000000,2307,6.32,0.93,2.48,0.81,2.13,3.1402,49.85,-1.2,48.71794871794872,64.1025641025641,41.02564102564102,69.23076923076923,87.17948717948718,0.0,87.17948717948718,54.74,12
2026-09-24,RMF2,RBB Mutual Fund 2,10.91,10.29,-5.68,89745,846119290,2431,6.66,2.59,5.43,2.39,4.86,1.2011,19.07,-1.81,7.692307692307687,87.17948717948718,33.333333333333336,55.12820512820513,94.87179487179486,87.17948717948718,97.43589743589743,53.85,13
2026-09-24,MBLEF,MBL Equity Fund,10.93,9.29,-15.0,5400,1216253300,3837,10.51,-0.11,0.43,-0.09,0.37,1.7359,27.56,-1.54,74.35897435897436,48.717948717948715,2.564102564102566,66.66666666666666,53.84615384615385,61.53846153846154,53.84615384615385,53.59,14
2026-09-24,RSY,Reliable Samriddhi Yojana,11.33,9.37,-17.3,1100,1200000000,3142,8.61,-2.09,-0.21,-1.77,-0.18,1.7785,28.23,-0.18,84.61538461538461,16.666666666666664,12.82051282051282,79.48717948717949,43.58974358974359,58.97435897435898,43.58974358974359,52.37,15
2026-09-24,GIBF1,Global IME Balanced Fund-I,11.78,11.7,-0.68,94671,1025763600,2134,5.85,1.74,1.74,1.7,1.7,1.6354,25.96,-1.59,2.564102564102566,89.74358974358975,46.15384615384615,64.1025641025641,82.05128205128204,69.23076923076923,84.61538461538461,51.15,16
2026-09-24,KEF,Kumari Equity Fund,11.23,9.33,-16.92,16250,1000000000,1636,4.48,-1.06,-1.79,-0.89,-1.51,1.8793,29.83,-6.03,79.48717948717949,58.97435897435898,66.66666666666667,2.564102564102564,17.94871794871795,43.58974358974359,17.94871794871795,50.9,17
2026-09-24,SIGS2,Siddhartha Investment Growth Scheme-2,10.95,9.46,-13.61,5000,1200000000,1067,2.92,0.0,-1.46,0.0,-1.28,1.1389,18.08,-3.3,56.41025641025641,46.15384615384615,79.48717948717949,20.51282051282051,20.51282051282051,89.74358974358975,20.51282051282051,50.9,17
2026-09-24,SEF,Siddhartha Equity Fund,10.36,9.7,-6.37,49800,1500000000,410,1.12,0.0,1.36,0.0,1.26,1.9075,30.28,-2.72,10.256410256410254,76.92307692307693,97.43589743589743,28.205128205128204,71.7948717948718,35.89743589743589,76.92307692307693,50.51,19
2026-09-24,NIBSF2,NIBL Samriddhi Fund - 2,9.85,8.74,-11.27,7686,1500000000,1708,4.68,2.58,1.39,2.23,1.22,2.2955,36.44,-1.81,38.46153846153846,51.28205128205128,61.53846153846154,55.12820512820513,74.35897435897436,12.82051282051282,74.35897435897436,50.13,20
2026-09-24,NICBF,NIC ASIA Balanced Fund,10.32,8.8,-14.73,0,755000000,1068,2.93,0.0,-1.23,0.0,-1.07,1.9756,31.36,0.88,69.23076923076923,3.8461538461538463,76.92307692307692,93.58974358974359,23.076923076923077,30.76923076923077,23.076923076923077,49.94,21
2026-09-24,LVF2,Laxmi Value Fund-II,11.41,9.1,-20.25,900,800000000,2536,6.95,-0.55,-2.47,-0.44,-2.02,1.574,24.99,-1.93,92.3076923076923,12.82051282051282,30.76923076923077,51.28205128205128,12.82051282051282,74.35897435897436,12.82051282051282,49.36,22
2026-09-24,NBF3,Nabil Balanced Fund III,10.32,9.0,-12.79,19700,1250000000,1825,5.0,-2.49,-4.36,-2.23,-3.97,1.895,30.08,1.18,53.84615384615385,61.53846153846154,56.41025641025641,97.43589743589743,5.128205128205128,38.46153846153846,5.128205128205128,48.46,23
2026-09-24,KDBY,Kumari Dhanabriddhi Yojana,12.02,10.24,-14.81,1250,1225072590,2131,5.84,0.59,0.89,0.5,0.75,2.0242,32.13,-6.02,71.7948717948718,20.51282051282051,48.71794871794872,5.128205128205128,64.1025641025641,23.076923076923073,64.1025641025641,47.56,24
2026-09-24,NICSF,NIC Asia Select-30,9.48,8.6,-9.28,4648,1250000000,650,1.78,0.0,1.18,0.0,1.06,2.0171,32.02,-3.27,25.64102564102564,41.02564102564102,89.74358974358975,23.076923076923077,69.23076923076923,25.64102564102564,69.23076923076923,46.03,25
2026-09-24,RMF1,RBB Mutual Fund 1,10.31,9.39,-8.92,67440,1250000000,668,1.83,1.08,-0.74,0.97,-0.68,2.3256,36.92,-1.63,20.512820512820518,82.05128205128204,87.17948717948718,61.53846153846154,35.8974358974359,10.256410256410254,35.8974358974359,45.9,26
2026-09-24,NIBLSTF,NIBL Stable Fund,9.53,8.45,-11.33,44970,1130000000,3423,9.38,1.81,1.81,1.58,1.58,2.8298,44.92,-3.57,43.58974358974359,74.35897435897436,5.128205128205132,17.94871794871795,84.61538461538461,5.128205128205132,82.05128205128204,43.97,27
2026-09-24,SIGS3,Siddhartha Investment Growth Scheme 3,11.55,10.35,-10.39,22060,805800000,2410,6.6,0.78,-0.1,0.69,-0.09,1.4924,23.69,-3.87,30.76923076923077,66.66666666666666,38.46153846153846,15.384615384615385,46.15384615384615,76.92307692307692,46.15384615384615,43.46,28
2026-09-24,MNMF1,Muktinath Mutual Fund 1,10.43,9.25,-11.31,3601,1250000000,3008,8.24,1.09,0.76,0.96,0.67,1.8533,29.42,-1.79,41.02564102564102,33.33333333333333,20.512820512820518,58.97435897435898,61.53846153846154,46.15384615384615,61.53846153846154,43.21,29
2026-09-24,SAGF,Sanima Growth Fund,10.58,9.41,-11.06,0,672532600,2621,7.18,0.0,0.11,0.0,0.09,1.4535,23.07,0.38,33.333333333333336,3.8461538461538463,25.64102564102564,85.8974358974359,51.28205128205128,79.48717948717949,51.28205128205128,41.22,30
2026-09-24,HLICF,HLI Large Cap Fund,8.69,8.66,-0.35,3900250,5000000000,3278,8.98,2.97,4.84,2.87,4.6,2.2663,35.98,-2.57,0.0,100.0,7.692307692307687,33.33333333333333,92.3076923076923,15.384615384615385,92.3076923076923,39.49,31
2026-09-24,H8020,Himalayan 80-20,12.54,11.1,-11.48,70648,1000000000,2564,7.02,1.83,-10.48,1.6,-10.36,1.9347,30.71,-1.98,46.15384615384615,84.61538461538461,28.205128205128204,43.58974358974359,2.564102564102564,33.333333333333336,2.564102564102564,38.97,32
2026-09-24,KSY,Kumari Sabal Yojana,9.92,9.53,-3.93,1920,744750700,2733,7.49,7.56,7.81,6.76,6.96,1.6993,26.97,-3.88,5.128205128205132,25.64102564102564,23.076923076923073,12.82051282051282,100.0,64.1025641025641,100.0,36.54,33
2026-09-24,C30MF,Citizens Super 30 Mutual Fund,10.6,9.75,-8.02,10581,750723900,2424,6.64,-3.47,-2.11,-3.3,-1.98,1.1013,17.48,-2.59,17.948717948717952,56.41025641025641,35.89743589743589,30.76923076923077,15.384615384615385,94.87179487179486,15.384615384615385,34.87,34
2026-09-24,GBIMESY2,Global IME Samunnat Yojana -II,9.93,9.0,-9.37,1700,1500000000,3219,8.82,-2.81,1.58,-2.62,1.41,1.9963,31.69,-2.84,28.205128205128204,23.076923076923077,10.256410256410254,25.64102564102564,79.48717948717949,28.205128205128204,79.48717948717949,34.74,35
2026-09-24,SLCF,Sanima Large Cap Fund,10.14,9.2,-9.27,400,1200000000,517,1.42,2.22,-2.95,1.97,-2.76,1.8113,28.75,-2.12,23.076923076923073,10.256410256410255,94.87179487179486,38.46153846153847,10.256410256410255,51.28205128205128,10.256410256410255,33.72,36
2026-09-24,MMF1,Mega Mutual Fund - 1,9.56,8.93,-6.59,4350,1250000000,1810,4.96,1.48,-0.45,1.36,-0.42,3.0945,49.12,-2.25,12.82051282051282,38.46153846153847,58.97435897435898,35.8974358974359,41.02564102564102,2.564102564102566,38.46153846153847,30.26,37
2026-09-24,GSY,Garima Samriddhi Yojana,9.96,9.25,-7.13,1100,1250000000,3022,8.28,0.43,1.09,0.4,1.0,1.8428,29.25,-5.05,15.384615384615385,16.666666666666664,17.948717948717952,7.6923076923076925,66.66666666666666,48.71794871794872,66.66666666666666,28.78,38
2026-09-24,RBBF40,RBB Focus 40,10.07,8.95,-11.12,4200,1250000000,4067,11.14,-0.11,-0.78,-0.1,-0.69,2.3715,37.65,-1.97,35.89743589743589,35.8974358974359,0.0,46.15384615384615,33.33333333333333,7.692307692307687,33.33333333333333,28.21,39
