date,symbol,name,nav,ltp,discount_pct,volume,days_to_maturity,years_to_maturity,valuation_bucket,liquidity_bucket,decision_flag,ignore_reasons,rank,priority_rank,discount_trend,risk_flag,consider_streak,price_return_1d,price_return_1w,discount_change_1d,discount_change_1w,parkinson_vol,parkinson_vol_ann,intraday_range,avg_intraday_range,return_vol_5d,volume_cv,max_drawdown,sharpe_1m
2026-10-09,SFEF,Sunrise Focused Equity Fund,11.43,8.95,-21.7,200,1952,5.35,deep_discount,low,IGNORE,liquidity:low; maturity:5.3y,13,,stable,,0,0.22,-0.56,0.17,-0.44,1.0953,17.39,0.0,1.3128,0.8245,2.33,-16.23,-0.77
2026-10-09,SBCF,Sunrise Bluechip Fund,11.34,9.01,-20.55,1000,1629,4.46,deep_discount,medium,IGNORE,maturity:4.5y,16,,widening,high_vol,0,-0.88,-1.96,-0.71,-1.59,2.0403,32.39,1.1099,2.8067,1.794,6.2877,-14.33,-0.27
2026-10-09,LVF2,Laxmi Value Fund-II,11.41,9.5,-16.74,3940,2521,6.91,deep_discount,medium,IGNORE,maturity:6.9y,6,,narrowing,,0,-0.42,3.83,-0.35,3.07,1.566,24.86,2.9474,2.0297,2.9173,2.0327,-13.4,-0.03
2026-10-09,RMF2,RBB Mutual Fund 2,10.81,9.28,-14.15,300,2416,6.62,deep_discount,low,IGNORE,liquidity:low; maturity:6.6y,7,,narrowing,,0,3.11,0.65,2.59,0.56,1.2559,19.94,2.9095,1.5196,4.9525,3.3096,-14.29,-0.43
2026-10-09,NMBHF2,NMB Hybrid Fund L-II,10.42,8.97,-13.92,4900,3063,8.39,deep_discount,medium,IGNORE,maturity:8.4y,11,,stable,,0,-0.33,0.45,-0.29,0.38,1.8633,29.58,1.0033,2.7307,0.6809,7.7279,-16.39,-0.27
2026-10-09,NSIF2,NMB Sulav Investment Fund - II,11.69,10.1,-13.6,26000,2154,5.9,deep_discount,high,IGNORE,maturity:5.9y,5,,stable,,0,0.3,0.1,0.26,0.09,1.3976,22.19,1.9802,1.9614,1.7405,2.0221,-12.5,-0.42
2026-10-09,NBF3,Nabil Balanced Fund III,10.32,9.02,-12.6,9100,1810,4.96,deep_discount,medium,IGNORE,maturity:5.0y,8,,widening,,0,0.22,-1.53,0.19,-1.36,1.8647,29.6,1.4412,2.6981,0.7822,1.0329,-12.02,-0.56
2026-10-09,GIBF1,Global IME Balanced Fund-I,11.74,10.34,-11.93,7430,2119,5.81,deep_discount,medium,IGNORE,maturity:5.8y,2,,narrowing,,0,-1.05,3.4,-0.94,2.89,1.6414,26.06,2.3211,2.3058,1.0394,3.2249,-15.47,-0.13
2026-10-09,C30MF,Citizens Super 30 Mutual Fund,10.45,9.21,-11.87,200,2409,6.6,deep_discount,low,IGNORE,liquidity:low; maturity:6.6y,30,,widening,,0,-2.54,-2.95,-2.3,-2.68,1.1266,17.88,2.6059,1.4215,2.2845,2.9971,-10.58,-0.42
2026-10-09,NICGF2,NIC Asia Growth Fund 2,9.87,8.71,-11.75,900,1503,4.12,deep_discount,medium,IGNORE,maturity:4.1y,28,,widening,high_vol,0,-1.02,-1.91,-0.91,-1.72,2.0234,32.12,1.837,2.7929,1.0905,2.1047,-14.87,-0.36
2026-10-09,KSY,Kumari Sabal Yojana,9.92,8.81,-11.19,41100,2718,7.45,deep_discount,high,IGNORE,maturity:7.5y,21,,widening,,0,-1.01,-2.11,-0.91,-1.92,1.6682,26.48,0.0,2.167,1.4909,5.7116,-12.76,-0.34
2026-10-09,SAGF,Sanima Growth Fund,10.58,9.4,-11.15,600,2606,7.14,deep_discount,low,IGNORE,liquidity:low; maturity:7.1y,17,,stable,,0,1.51,0.0,1.33,0.0,1.4444,22.93,2.1277,1.8679,1.5247,2.316,-12.96,-0.34
2026-10-09,NIBSF2,NIBL Samriddhi Fund - 2,9.72,8.65,-11.01,6400,1693,4.64,deep_discount,medium,IGNORE,maturity:4.6y,19,,stable,high_vol,0,-0.92,0.23,-0.82,0.2,2.2654,35.96,0.2312,2.8704,0.7129,7.1765,-18.08,-0.45
2026-10-09,NIBLGF,NIBL Growth Fund,9.84,8.77,-10.87,33300,2292,6.28,deep_discount,high,IGNORE,maturity:6.3y,17,,stable,high_vol,0,0.46,-0.45,0.41,-0.4,3.0789,48.88,2.6226,3.5857,3.7526,2.9504,-24.38,-0.29
2026-10-09,GSY,Garima Samriddhi Yojana,10.14,9.04,-10.85,6054,3007,8.24,deep_discount,medium,IGNORE,maturity:8.2y,27,,widening,,0,-0.99,-0.77,-0.89,-0.69,1.8068,28.68,4.3142,2.4204,0.5954,2.8176,-14.82,-0.4
2026-10-09,RSY,Reliable Samriddhi Yojana,10.4,9.33,-10.29,7327,3127,8.57,deep_discount,medium,IGNORE,maturity:8.6y,26,,stable,,0,-0.74,0.54,-0.67,0.48,1.7505,27.79,2.6795,2.5712,1.6474,2.0319,-14.21,-0.58
2026-10-09,MNMF1,Muktinath Mutual Fund 1,10.11,9.08,-10.19,3400,2993,8.2,deep_discount,medium,IGNORE,maturity:8.2y,22,,narrowing,,0,-0.77,1.45,-0.69,1.28,1.8533,29.42,2.7533,2.7508,1.0521,1.7854,-12.25,-0.31
2026-10-09,NIBLSTF,NIBL Stable Fund,9.44,8.5,-9.96,59177,3408,9.34,deep_discount,high,IGNORE,maturity:9.3y,23,,stable,high_vol,0,1.8,0.47,1.59,0.42,2.7904,44.3,7.1765,3.8907,1.6638,2.0476,-17.22,-0.45
2026-10-09,SIGS2,Siddhartha Investment Growth Scheme-2,10.31,9.31,-9.7,0,1052,2.88,deep_discount,low,IGNORE,liquidity:low,36,,widening,,0,0.0,-3.52,0.0,-3.3,1.1156,17.71,0.0,1.1522,2.2542,2.1552,-18.42,-0.28
2026-10-09,RBBF40,RBB Focus 40,9.99,9.04,-9.51,600,4052,11.1,deep_discount,low,IGNORE,liquidity:low; maturity:11.1y,37,,stable,high_vol,0,0.33,0.44,0.3,0.4,2.3336,37.04,0.3319,3.2846,2.3876,6.0346,-14.58,-0.19
2026-10-09,MBLEF,MBL Equity Fund,10.14,9.21,-9.17,800,3822,10.47,deep_discount,medium,IGNORE,maturity:10.5y,34,,narrowing,,0,0.66,1.32,0.59,1.19,1.7025,27.03,0.8686,2.392,1.1872,2.6009,-20.49,-0.67
2026-10-09,KDBY,Kumari Dhanabriddhi Yojana,11.05,10.07,-8.87,25770,2116,5.8,deep_discount,high,IGNORE,maturity:5.8y,32,,stable,,0,0.6,-0.2,0.54,-0.18,1.9808,31.44,2.8798,2.794,0.5703,1.9607,-22.25,0.02
2026-10-09,SLCF,Sanima Large Cap Fund,10.04,9.16,-8.76,100,502,1.38,deep_discount,low,IGNORE,liquidity:low,24,,stable,,0,-2.55,0.44,-2.39,0.4,1.7958,28.51,0.0,2.3918,2.3944,2.4287,-15.45,-0.38
2026-10-09,H8020,Himalayan 80-20,12.53,11.45,-8.62,58175,2549,6.98,deep_discount,high,IGNORE,maturity:7.0y,9,,narrowing,,0,0.53,3.71,0.48,3.27,1.9074,30.28,3.2314,2.6661,1.1214,4.7432,-13.15,-0.02
2026-10-09,MMF1,Mega Mutual Fund - 1,9.5,8.72,-8.21,14723,1795,4.92,deep_discount,medium,IGNORE,maturity:4.9y,33,,stable,high_vol,0,-1.25,-0.34,-1.16,-0.32,3.0739,48.8,3.0963,4.6928,3.812,2.0428,-16.45,-0.17
2026-10-09,GBIMESY2,Global IME Samunnat Yojana -II,10.0,9.3,-7.0,600,3204,8.78,moderate_discount,low,IGNORE,liquidity:low; maturity:8.8y,35,,narrowing,,0,2.88,3.33,2.6,3.0,1.9938,31.65,2.9032,2.7761,4.8074,9.4994,-12.32,0.1
2026-10-09,PRSF,Prabhu Smart Fund,13.01,12.1,-6.99,72345,1983,5.43,moderate_discount,high,IGNORE,maturity:5.4y,20,,narrowing,,0,0.83,0.58,0.77,0.54,1.5465,24.55,0.9917,2.1135,0.9739,2.4629,-12.1,0.44
2026-10-09,KEF,Kumari Equity Fund,10.21,9.5,-6.95,10350,1621,4.44,moderate_discount,medium,IGNORE,maturity:4.4y,25,,narrowing,,0,1.06,1.6,0.98,1.47,1.8535,29.42,3.5789,2.6755,0.895,3.2819,-18.46,0.07
2026-10-09,NICBF,NIC ASIA Balanced Fund,10.01,9.53,-4.8,0,1053,2.88,moderate_discount,low,IGNORE,liquidity:low,29,,narrowing,,0,0.0,5.89,0.0,5.29,1.925,30.56,0.0,1.6216,3.2303,2.4203,-19.72,0.15
2026-10-09,SIGS3,Siddhartha Investment Growth Scheme 3,10.72,10.23,-4.57,440,2395,6.56,moderate_discount,low,IGNORE,liquidity:low; maturity:6.6y,39,,widening,,0,-1.06,-1.06,-1.03,-1.03,1.4716,23.36,0.391,1.8954,1.3526,4.2842,-14.35,-0.01
2026-10-09,HLICF,HLI Large Cap Fund,8.57,8.4,-1.98,3430,3263,8.94,small_discount,medium,IGNORE,valuation:small_discount; maturity:8.9y,38,,narrowing,high_vol,0,1.69,0.84,1.64,0.82,2.2214,35.26,2.8571,3.2119,1.6903,5.8026,-17.15,-0.87
2026-10-09,LUK,Laxmi Unnati Kosh,11.66,9.35,-19.81,6850,1405,3.85,deep_discount,medium,CONSIDER,,3,2.0,stable,,2,0.43,0.54,0.34,0.43,1.634,25.94,0.0,2.0011,2.8017,1.5441,-15.63,-0.2
2026-10-09,SFMF,Sunrise First Mutual Fund,11.3,9.4,-16.81,15050,1122,3.07,deep_discount,high,CONSIDER,,1,1.0,narrowing,,1,3.41,3.18,2.75,2.57,0.9213,14.62,0.4255,0.8605,2.0359,1.8379,-18.62,-0.73
2026-10-09,NBF2,Nabil Balanced Fund - 2,10.47,9.1,-13.09,22700,965,2.64,deep_discount,high,CONSIDER,,4,3.0,widening,,2,-2.36,-1.41,-2.11,-1.25,1.4005,22.23,1.0989,1.8516,2.35,3.0796,-15.81,-0.53
2026-10-09,RMF1,RBB Mutual Fund 1,10.22,9.11,-10.86,1850,653,1.79,deep_discount,medium,CONSIDER,,10,4.0,narrowing,high_vol,10,-1.51,1.11,-1.37,0.98,2.2815,36.22,0.8782,3.0849,1.8122,2.6993,-11.87,-0.3
2026-10-09,NICSF,NIC Asia Select-30,9.28,8.5,-8.41,3700,635,1.74,deep_discount,medium,CONSIDER,,31,8.0,stable,high_vol,12,1.19,0.0,1.07,0.0,2.0265,32.17,1.1765,2.9637,1.2716,6.7519,-16.16,-0.29
2026-10-09,PSF,Prabhu Select Fund,12.0,11.0,-8.33,20100,621,1.7,deep_discount,high,CONSIDER,,14,6.0,narrowing,,2,0.92,0.92,0.84,0.84,1.76,27.94,1.8182,2.4845,0.4285,2.3827,-13.72,-0.12
2026-10-09,NICFC,NIC Asia Flexi Cap Fund,9.94,9.12,-8.25,2748,980,2.68,deep_discount,medium,CONSIDER,,15,7.0,narrowing,,1,2.93,1.56,2.62,1.41,1.7592,27.93,3.8377,2.5187,1.6307,1.5026,-12.33,-0.1
2026-10-09,SEF,Siddhartha Equity Fund,10.49,9.71,-7.44,6675,395,1.08,moderate_discount,medium,CONSIDER,,12,5.0,narrowing,,3,0.0,1.15,0.0,1.04,1.8988,30.14,2.0597,2.3049,1.576,1.8944,-12.3,-0.08
